Review,Rating,Aspek
enak  segar,5,rasa
maknyus,5,rasa
berat 500 gram yg remuk 59 gramentah packing expedisiuntuk masuk aja tlg item dos packing barang aman kirim jarak,4,pengiriman
enak banget fresh renyah,5,rasa
top recommended langgan,5,kualitas
barang sesuai deskripsi enak packing ok tebel kirim cepat thanks,5,pelayanan
murah enak fast respon,5,pelayanan
puas,5,pelayanan
barang sesuai minta bagus bungkus nya terima dg,5,pelayanan
enak kuaci,5,rasa
mantap,5,kualitas
kirim cepat packing bagus sesuai pesan coba terima kasih,5,pelayanan
emas dominan original atw asli kuaci varian apa dominan asin rasa varian rumput laut nya dominasi original sih,4,pelayanan
puas banget,5,pelayanan
terimakasih min ,5,pelayanan
udah order sekian kali jos,5,rasa
good,5,pelayanan
enaak guriih kacang,5,rasa
respon cepatharga jangkau,5,pelayanan
mantappppp recommended emping enakkkkk,5,rasa
mantapppp puas kali gurih bnget entr pesan lg suka,5,rasa
kondisi baikkurir baikmdh2an enakterimakasih,5,pelayanan
rekomended,5,kualitas
enak gurih renyah,5,rasa
kirim cepat packing rapi kurir next order lg trm ksh seller tokopedia,5,pengiriman
tumben rada asin dr hehe,4,rasa
ken banget makan keripik yg pedes aaaa kirim cepet enak pol dijadiin snack makasihh,5,pelayanan
sen mulu pedesnya naujubillah nagih walopun bikin mencret bikin kapok temen yg sok sok nyoba,5,rasa
mantap,5,kualitas
keripik nya sampe komplit enak langgan sejati  succes keripik riki,5,rasa
pedes mantap,5,rasa
jamin pedas gurih,5,rasa
pedesnya pas gak asa singkong nyasaran aja beli 5 bungkus bonus biar lariss,5,rasa
mantul beli panas perut ge,5,rasa
enak pedes bgt asin gurih pas kirim aman,5,rasa
baso aci serius enak banget tekstur baso kaca khad garut banget isi ayam enak,5,rasa
terima kasih barang,3,pengiriman
enak bgt beneran nagih kuah nya pedes pokok manteppppp,5,rasa
cepat sampai,5,pengiriman
mantapp kualitass  lumayan kirim cepatt terimakasii toko nyaaaa,4,pelayanan
barang  barang,4,pengiriman
baso aci enak isi ayam gak rasa banget sih porsi banget,4,rasa
kirim cepat pesan kemarin 22 04 produk selamat ga ga rusak,5,pengiriman
kirim cepat barang premium d,5,pengiriman
alhamdulillah barang sampai mantaps kali pedas,5,pelayanan
mantapp,5,kualitas
mantap bgt pedesnya gak pelit bumbu puas bgt belanja,5,rasa
kangen  bayar ,5,rasa
beli pagi pagi kirim nya malam patut bintang 1,1,pengiriman
kacang telur garing enak respon seller cepat kl packing bungkus bubble wrap biar aman,5,rasa
kacang telur medan sesuai order kacang enak fresh crispy seller responsif packing aman pake bubble wrap kirim cepat recommended seller,5,pelayanan
enaaaakkrenyah ,5,rasa
terimakasih barang sesuai ekspektasi ,5,pelayanan
ok terima kasih ya,5,pelayanan
barang dg,5,pengiriman
kacang enak mantap,5,rasa
produk packing kirim sip  ueennaakkk kacang,5,pelayanan
gercep bgt sellernya thank you yah,5,pengiriman
mantap renyah next order ,5,rasa
pesan cepat proses packing rapi  produk bagus sesuai deskripsi,5,pengiriman
mantap packingan rapi barang sua deskripsi enak cepat lagiseler responsif pokok rekomended seller,5,pelayanan
rencana lebaran nggak nyampe lebaran udh habis ter makan,5,rasa
packaging baik,4,pengiriman
mantap,5,kualitas
aja jual ramah moga berkah ya,4,rasa
proses cepatorder jam 1630 langsung kirim 1 jamtq seller,5,pengiriman
mantap,5,kualitas
aman,5,pelayanan
sukaaaa,5,rasa
enak harga jangkau kirim bagus nyasar,4,rasa
pake sameday cepat sellernya ramah produk oke sesuai lengkap good seller,5,pelayanan
baso aci nya enak sayang admin nya responsif huhuu maaf ya,4,rasa
cuankie nya alot ga garing yah lumayan,4,rasa
ok,3,kualitas
mantap,5,kualitas
segel rusak packing tipis,1,pengiriman
enak pokok,5,rasa
barang terima dgn cepat terimakasih,5,pengiriman
mantap barang sesuai pesan,5,pengiriman
tau sampai pagi puasa proteksi acung jempol moga original kw,5,pengiriman
mantab gan,5,kualitas
barang aslijdi beli dsini ajah gx jauhw kemalangthanks seller,5,kualitas
seller ramah baikpackaging rapi aman pakai bubble wraprecommended seller ,5,pelayanan
sesuai pesan terimakasih,5,pelayanan
kripiknya bungkus bubble satu d dimskkan dus donkthanks seller,5,pelayanan
packing aman pake wrap seller fast response mantap,5,pengiriman
keripik tebal2 keras butuh tenaga ekstra gigit beda yg dulubtw packingannya super rapi masing2 item bungkus bubble recommended seller ,3,rasa
produk bagus  fast respon  terima kasih,5,kualitas
enak,5,rasa
enak kacang empuk lumayan oke harga jangkau,5,rasa
melempem ya,4,kualitas
cepat enak muas,5,pelayanan
enak packaging rapih terima kasih,5,rasa
enak ga tengik,5,rasa
yg gosongnyaa,4,kualitas
enak mede nyaaa,5,rasa
repeay order sekian kali kardus basah kena hujan untung kacang bungkus dgn bubble wrap,5,pengiriman
mudah2an enkharus cepat pengirimanya,4,pengiriman
suka anak2,5,rasa
maaf ya barang terima,3,pelayanan
good,5,pelayanan
mantapppp  sesuai deskripsi ,5,kualitas
jagung bakar nori klop unik,3,rasa
enak kirim cepat sayang pas goreng patah2 ikan pdhl sdh frezer,4,kualitas
packing bubble  dus rapi kondisi bandeng aman moga asin pake free ongkir loseller responsif,5,pelayanan
rekomended pokok,5,kualitas
mantap rekomended,5,kualitas
mantap layan produk recommended banget,5,pelayanan
delivery on time bandeng nikmat sesuai deskripsi,5,pelayanan
layan ramah packingnya sip deliverynya prima produk top harga yg jangkau recommended banget coba ragu lho,5,pelayanan
packing baguscepat sampaiini ukasih orgsukses yaa,5,pengiriman
repeat orderke sekian kalienakkcocokk,5,rasa
ownernya ramah responya cepat packagingnya super duper rapih barang good quality repeat order sukses mbak cantik,5,pelayanan
lumayan enak tp mahal banding dg harga,3,rasa
ownernya ramah packaging ok repeat order thankyou,5,pelayanan
ownernya ramah responya cepat packaging kirim ok thankyou amut utk servicenya repeat order,5,pelayanan
seller ramah responsif bantu komunikasi nya enak packing rapi kirim cepat repeat order sih ,5,pelayanan
paket siang hr yg kirim suka terima kasih ya,5,pengiriman
fast respond jual ramah delivery on time thanks,5,pelayanan
puas banget makasih,5,pelayanan
enak pemjual responsif ramah bantu kirim cepat pesan sih,5,rasa
nasi jeruk enakayamnya jugapengiriman cepat,5,rasa
repeat order sekian kali layan respon toko kualitas makan recommended ,5,pelayanan
best enak banding produk jenis ngga eneg,5,rasa
deskripsi full baked aman utk bumil udh ksh notes utk dipastiin mateng krna lg hamil salmon msh mentah  bismillah moga gapapa kali tolong dipastiin aja kalo udh mateng,2,kualitas
salmon saus mentainya limpah ruah suka kalo lg jakarta pesan ntah kali aga asin,5,rasa
mantap,5,kualitas
sdh terima blm dimkn,5,pengiriman
enakkkk ,5,rasa
enak pesan siang jam 1 jakarta barat jam 6 sore hangat hangat microwave enak asin suka,5,rasa
enak kimcinya pas tdk pedas,5,rasa
enakasam nya pas,5,rasa
enak pas nya samwon resto kenal makan expat korean jktseller responsif bantu ttg produk,5,rasa
gmna ya kali beli kamren beli 1kg baik2 aja beli stgh kg plastik vakum nya bocor sedih sih air kimchinya ga bikin kimchi jiggae,4,pengiriman
enak bangattt,5,rasa
mantabs,5,kualitas
fresh kimchinya,5,kualitas
pesan sesuai enak kirim cepat,5,pelayanan
kayak pait paitnya,5,rasa
unt krg pedes dikit asemnya dikrgi dkt sy,5,rasa
barang puas,5,pelayanan
seng belanja dsiniprofesional bgt,5,pelayanan
mantap,5,kualitas
oke,5,pelayanan
langgan kalo kangen lumpia asli semarang langsung order posisi jakarta kualitas jaga respon cepat terima kasih ya,5,kualitas
repeat order yg sekian alhamdulillah puas seller jg ramah komunikatif tks ya sukses trs,5,pelayanan
beli sekian ,5,rasa
enak banget,5,rasa
kali pesan enak sesuai harga,5,rasa
moga kualitas,4,kualitas
order gojek tokped kecewa produk,5,kualitas
repeat order lumpia nya enak cocok delivery cepat admin nya ramah,5,pelayanan
obat kangen lumpia semarang josh gandhosss,5,rasa
tunggu buka puasa coba ya kirim super cepet mantul bgt,5,pengiriman
masam y ngk kyk ny,3,rasa
barang oke packing rapih jual responsif,5,pelayanan
sekian kali order mantap,5,rasa
enak utk tingkat,4,rasa
not bad pahit pahit,4,rasa
enakk euyy,5,rasa
mantap,5,rasa
enak suka,5,rasa
enakkkkk  udah habis order ah,5,rasa
pas,5,rasa
dah beli wkwkwkuntuk bikin kimchee jigae gado yummmm,5,rasa
kimchi nya enak,5,rasa
langgan,5,pelayanan
sesuai kirim cepat,5,pelayanan
sy sangt puas dg psanan kimchi nya  sangt enak  mantap kemas bagus rapi dn dtg wkt kurir nya sopan,5,pelayanan
packing rapih produk ok,5,pelayanan
barang sdh terima terima kasih,5,pengiriman
kirim,5,pengiriman
ayam afrika-nya enak juicy iklan yg suka potong besar2 potong paha paha paha utuh yg anak sy yg balita suka nagih terima kasih sukses yaa ,5,rasa
ntah udah sen kali ketagihaaannn enak bgttttt sihhh,5,rasa
daging lebut bumbu yummy,5,rasa
ayam enaaak empuk bumbu resap banget potong saosnya generous banget tambah pisang manis dessert kira pisang karbohidrat ganti nasi hehehe packagingnya cantik beli family pack melanin pakai neng deh ga buang sampah plastik terima kasih ya paris jakarta,5,rasa
cepet jg kirim malam pesan besok sore udh smp jd bs buka puasa ayam sambelnya mantap,4,pelayanan
ayam empuk wangi saus enak bamget yg saus ijo,5,rasa
packaging bagus enak tp warna kartu ucap gelap tulis bahan kertas kartu ucap jg sulit tulis tp overall bagus,4,pelayanan
brownies nya enakkk bgt lembut chewy asa dark chocolate jg jd ga cm manis doang suka yg kismis packing aman sentosa lucu bgt design nya beruang pantat wkwkwkterima kasih bearly baker so sorry bawel chat wkwkwk,5,rasa
temen ga foto alhamdulillah temen suka,5,rasa
super yummy,5,rasa
cepet banget kirim kemarin maghrib sen pagi udah sen lumayan hehehe terima kasih bearlybaker,5,pengiriman
sukaa best in town,5,kualitas
respon seller cepat kirim cepat thanks,5,pelayanan
browniesnya enak  respon seller cepat kayak kartu lupa tulis to  from nya tulis jg catat hehe,5,rasa
pesan yg varian 20pcs tp kirim 10pcs,1,pelayanan
order bareng produk 3 box kemas paper bag alhamdulillah aman terima juara banget sea saltnya bikin sensasi asik bgt,5,rasa
favorit,5,rasa
enak tp manis enak the diva,5,rasa
enaaak keponakan suka bgt sampe ga bagi hehehe,5,rasa
cepet uga,5,pengiriman
mantep bagus layan  cookies nya jg enaaakkk,5,pelayanan
ga obat,5,rasa
enaaakkk,5,rasa
maaf kasih ulas coba makan sahur ayam enak bumbu resap anak ku suka kirim cepat packing rapi thanks ya,5,pelayanan
suka makan dr toko enakrasa rumahanmoga2 nambah menu2nya,5,rasa
mantap ,5,kualitas
order kali top markotop enak bumbu resap daging  ayam pas lunak  recommended,5,rasa
enak terima kasih,5,rasa
belanja  puasmasakannya enak semuapacking rapihpengiriman cepatsukses yaterima kasih utk bonus,5,pelayanan
suka masakan d toko inimasakannya enakcocok ama selera,5,rasa
puasmohon tahan ya,5,kualitas
ayam goreng enak bumbu serundeng laos krg byk,5,rasa
2nd purchase,5,rasa
enak kering kentang nya fresh sip deh pokok,5,rasa
kemas pecah,4,kualitas
barang sdh dg,5,pengiriman
cepat bersih protekted,5,pengiriman
lmyn manis2 gt tp kentang lmyn garing n gurih thanks seller,5,rasa
emas kirim cepat tahana yaa,5,pengiriman
makan oke enakmungkin khusus packing msh lbh perhati ya td buka paket nya wadah kripiknya hancur bawah,5,rasa
kirim lumayan cepat utk kota medan packing kualitas recommended seller terimakasih,5,pelayanan
pesan cpt sampai emas rapi mudah2an enak,5,pengiriman
sip sesuai,5,kualitas
mantapud belanja dsni 2 x ,5,kualitas
kirim cepaaatsatu pagi 2 sekalikualitas produk enaakmasih,5,pengiriman
mantap,5,kualitas
enak nya emas rapi,5,rasa
enak,5,rasa
brg sesuai deskripsithx gan,5,pelayanan
enak lgi kl pedas,4,rasa
kimchinya enak segarcocok damping makan ,5,rasa
puas belanja kirim cepat,5,pengiriman
packaging rapih barang sesuai kirim lumayan lokasi dekat next moga baik ,5,pengiriman
seller responsif kimchi original benar2 kecutttt bangetttt,5,rasa
tipe asam kecut manis keluarga yg abet rumah cocok terima kasih,5,rasa
wenak tenan,5,rasa
kirim cepat sekali pesan siang kirim besok pagi tuju sore ,5,pengiriman
sayang kemas kimchinya letus tekan gas nya kirim yg lg sdh letus untung keburu duluan jd basah packaging dalam,4,pengiriman
the best kimchi enakkk ori nya enak manis enak pingin cobain pedas hihihiii mantul,5,rasa
seller ramah fast respon packing rapi kualitas produk kirim cepat,5,pelayanan
terima kasih barang terima kondisi bagus,5,pelayanan
enakkk,5,rasa
kirim cepat enak ,5,pelayanan
recommended ,5,rasa
enak kirim cepat terimakasih seller,5,pelayanan
respon proses kirim cepat,5,pelayanan
enak kering kentang nya fresh sip deh pokok,5,rasa
kemas pecah,4,pengiriman
barang sdh dg,5,pengiriman
cepat bersih protekted,5,pengiriman
lmyn manis2 gt tp kentang lmyn garing n gurih thanks seller,5,rasa
emas kirim cepat tahana yaa,5,pengiriman
makan oke enakmungkin khusus packing msh lbh perhati ya td buka paket nya wadah kripiknya hancur bawah,5,rasa
kirim lumayan cepat utk kota medan packing kualitas recommended seller terimakasih,5,pelayanan
packaging aman barang lengkap kemas bagus kirim cepat order yaa,5,pelayanan
puas packingan aman sayang kecewa kerja ekspedisi anter aja tokopedia jasa anter aja next day pesan tanggal 24 track ktnya tggl 25 jam 8 pagi antar buyer apapaket tanggal 27 itu tanggal 25 telfon cs anter aja responnya bantu lapor ya kak oke ditgg tanggal 26 dtg jg telfon cs nya ucap ucap yg tanggal 27 pagi telfon dgn maki krn sy pesawat makassar siang sore telfon cs 3 kali komplain yg jam 11 paket puas ekspedisi anter aja beli jasa next day yg trburu,4,pengiriman
mantab,5,kualitas
kemas trims,5,pengiriman
uenak tenan ,5,rasa
makasih seller,5,pelayanan
mantap emas kirim cepet terimakasih sellee shopee,5,pelayanan
biar bintang yg bicara pokok mantap deh,5,pelayanan
enak banget enak green tea recommend banget,5,rasa
oke packaging bocor,4,rasa
enak mantap,5,rasa
surprisingly enak banget kimchinya ngga pedas asemnya pas lengkap isi yummy,5,rasa
enak kimchinya asem pedesnya sopan ndak seger cocok lidah lokal ndak pahit sperti kimchi kemas swalayan kebanyakankemasan bagus box plastik pecah salah ekspedisi handle paket ndak kimchinya aman ndak tumpahoverall oke puas blanjanya seller ramah produk enak sukses lapak juragan mimin,5,rasa
cepet banget ngirimnya order malam pagi udah enakm pedesnya pas ga asem ending ga pahit suka campur masakan camil,5,rasa
kirim cepat kimchi nya enak makas sisss ,5,rasa
enak recommendedkwalitas bagus,4,rasa
good langgan,5,kualitas
the package was proper wrapped and the taste was really good i will order it again for sure,5,rasa
udah nama ngga kecewa toko jaga layan yah biasa,5,pelayanan
cepat paking rapi cm teri segar ya,5,kualitas
kirim lmaa,3,pengiriman
kirim cepat sesuai pesan recommended seller,5,pelayanan
kirim cepat muas ,5,pengiriman
barang terima sesuai pesan,5,pelayanan
makasssssiiihhhh enak abiz teri brasa oven ndak eneg minyak mantab dah ,4,rasa
suka anak lanang beli deh,5,rasa
beli 3 kali ,5,kualitas
beli 2 enak bangettt,5,rasa
like usual special bu rudy ,5,rasa
barang terima sesuai pesan,5,pelayanan
teri nya ga melempem udah minggu pedas dikit,5,kualitas
barang terima sesuai pesan,5,pelayanan
produk sesuai kirim lumayan cepat rapi,5,pelayanan
enak sesuai pesan,5,rasa
packing bagus tuju teri gurih enak bener,5,pelayanan
kurir nya ramah barang cepat barang nya sesuai pesan yg pesan warna biru kirim warna pink,1,pelayanan
emas aman kirim cepat bandeng fresh,5,pelayanan
barang cepat enak,5,pelayanan
response seller proses delivery cepat pesan terima kondisi sesuai order,5,pelayanan
overall ikan enak manis gurih pedas pas buka lendir panas dikirimpengiriman 1 minggu jadi styrofoam rusak,5,kualitas
mantul jual ramah fast respon,5,pelayanan
mantul sesuai pesananthanks ya gan,5,rasa
respon chat  packing terima kasih,5,pelayanan
sesuai deskripsi lapak super responsif profesional,5,pelayanan
beresssss cepat mantap dendeng nya tebal empukmantaaaaaapppp,5,rasa
packing rapi kirim cepat sdh bbrp kali beli enakkkkkkkterimakasih pakgbu,5,pelayanan
mantap cepat  thank u,5,pengiriman
terimakasih enakkkkkkkpacking rapipengiriman cepatsdh beli sekian kalinyatuhan yesus memberkatiamin,5,rasa
enak buangettttt sipp deh pokoke,5,rasa
dendeng sapi nya sesuai pesan,5,rasa
puas sdh beli sekian kali packing rapih cepat pokok mantul deh terima kasih seller selamat natal tuhan yesus kati amin,5,pelayanan
packing rapi kirim cepat enak,5,pelayanan
langgan enakkkkk packing rapih makasih ya tuhan yesus kati sukses,5,kualitas
expired nya lumayan cepet ya kas juli 2021 moga keburu apek juli habis anak kos konsumsi,4,kualitas
cepat diprosesnyaterinya enak yg original tp lbh enak lg yg balado,5,rasa
cepat diprosesnyaterinya enak yg original tp lbh enak lg yg balado,5,rasa
mantap,5,kualitas
udah kasih terang original rumput lauttp yg bbq,3,pelayanan
sedap rasa ikan nya,3,rasa
paket terima dg baiik favorit orgtua enak tdk asin jd teman mkn nasi trmksh kak,5,rasa
paket terima dg baiikk sellau pesan d krn senang orgtua trmksh ya kak sukses dn byk langgan nya,5,pelayanan
paket terima dg paking dg kardus tdk asin orgtua sy cocok dn suka sdh 2x order sellernya jg ramah trmksh ya kak sukses,5,pelayanan
enak dateng udah dicemil in,5,rasa
yg sy suka barang fresh beli langsung resto nya bs liat fresh,4,kualitas
kering ya tempe kemas ga label bu rudy gambar,4,pengiriman
proses ya ready,1,pengiriman
good product good seller,5,pelayanan
maaf aga keras yabumbunya krg brasa tks,3,rasa
kirim cepat packing rapi,5,pengiriman
sampenya cepet rapi bom dicobain,5,pengiriman
bau amis,2,rasa
barang terima sesuai photo  pesan packing ckp rapi  aman cepat nyampe nya jg makasih seller,5,pelayanan
enak suka ikan,5,rasa
enakkkk,5,rasa
enak kali beli lagitrimakasih gan,5,rasa
cocok semuanyathx ya,5,pelayanan
pas d lidah,5,rasa
favorite,5,rasa
cpt bgt sampe nya gaada 1 jam uda sampe suka bgt salad nyaa ,5,pelayanan
mantap enak banget langsung abis,5,rasa
enak saladnyacreamy kuahnyaseller ramahsampainya jg waktuthx alot yaanak sy suka salad nya,5,rasa
suuuukkkkaaaaa,5,rasa
mantulll  langgan beli salad,5,rasa
akurattpatent service excellence ciamik,5,pelayanan
enak banget nyesel beli makasih ya kak bikin salad buah enak,5,rasa
gk sempet foto dah keburu habis,5,rasa
mantulll rasa promonya ya gak promo tetep mantul karna enak itu,5,rasa
mantaaaappppp uwenaaakkk,5,rasa
pesan keju spesial yg kirim coklat keju,4,pelayanan
produk ok kali serah barang kurir malam sampai terima molor 1,4,pengiriman
alhamdulillahsampai sblm buka puasa mksh kartika sari,5,pengiriman
barang sampe kirim ya lumayan terimakasih,5,pelayanan
enak neh psg molennya packing rapi  thks yah,5,rasa
packingnya mantap sih,5,pelayanan
barang terima sesuai pesan thanks,5,pelayanan
mantul,5,rasa
enak beli langsung seller nya,5,rasa
pesan makasih seller kurir sicepat ,5,pengiriman
favorite istri kirim hampers ramadhan suka,5,rasa
ya ampunnn enak pake bngettt sambel ny enakkkk,5,rasa
kirim cepat se-asia tenggara terima kasih,5,pengiriman
,5,rasa
udh bbrp kali beli sei nya enak bgt order kali kali nih,5,rasa
langsung cobain enak mantapsambelnya jos,5,rasa
maha dahsyat wagyu beda kelas sapi,5,rasa
enak banget ,5,rasa
nice perfectobarang d terima baikrespon cepat kirim cepat layan cepat ramahbuat agan2 yg pokok gak ragu deh boss yg inidijamin memuaskanterima kasih sukses bossque,5,rasa
tq brg cpt nyampe enak,4,pelayanan
lumayan enak sayang nggak free ongkir bs next day 2 pesan,4,rasa
alhamdulillah buka puasa,5,pengiriman
puassssssssssssss kirim pacar krn pacar suka bangettt,5,rasa
mantap pisang,5,rasa
emas bagus pesan jumat jd kirim senin sabtu libur jd selasa malam,5,pengiriman
alhamdulillaah paket sdh terima kasih,5,pelayanan
enak beli langsung sellernya,5,rasa
enak n segar,5,rasa
fresh berat pas banget buka puasa,5,kualitas
respon cepat sesuai pesan,5,pelayanan
enak  suka saladnya makasih yaa,5,rasa
enk,5,rasa
enaknyaaa,5,rasa
enak bangeeeet ,5,rasa
enak bgt fresh,5,rasa
puas bangettt enak porsi bs 5 org tampak bagus kereeen mantul bgtt ,5,rasa
ldr sm kluarga jd kirim tumpeng buka puasa alhamdulillah pd blg makan enak byk sambelny jg mantep thank you yaaa sukses slalu,5,rasa
enak tampil bagus  terimakazih,5,rasa
enaaak banget cocok taste,5,rasa
bagus tumpeng lmyn byk utk porsi 5 org kirim jg ontime,5,pelayanan
puas porsi enak seller responsive kirim aman thank you,5,pelayanan
enaaaaak bgt n makasih dh bs ambil order dada bgt highly recommend,5,rasa
tumpeng nya enax bgtnext psn lgthx,5,rasa
masakan nya enakhiasan nya cantikharga sesuaigak salah pilih pesan nasi tumpeng makasih ya kak berkah lancar trus amin,5,rasa
enak porsi kecilpembeli respon ramahkurir ramah jg,5,rasa
alhamdulillah barang tks seller tokopediaseller nya korporatifgood,5,pengiriman
sesuai pesan proses cepat terima kasih,5,pelayanan
seller nya fast respon mantap,4,pelayanan
neng bgt belanja toko sellernya ramah fast respon bantu nasi briyani nya enak bgt ragu rekomended pokok,5,pelayanan
sesuai pesananterima kasih,5,pelayanan
produk bagus sesuai harga,4,kualitas
produk sesuai etalase harga murah sayang stok kutunyasetelah masak kuatseller responnya bagus ramah ,4,kualitas
good kirim cepat recomended seller,5,pengiriman
nasi kuning cantik enak,5,rasa
mantap enak layan super cepat ramah recommened seller terima kasih,5,pelayanan
enak lezattt terima kasih,5,rasa
alam belanja online kesan sesuai harap nasi tumpeng pas selera lauk pauk order terima kasih srvis bintang 5 nya,5,pelayanan
nasi tumpeng selamat cepat enak banget terima kasih timm catering,5,pelayanan
layan cepat asa belanja online deliverynya sesuai jam acara mantap ludesdes,5,pelayanan
nasi tumpeng terima terima kasih,5,pelayanan
nasi tumpeng kualitas lauk komplit ayam goreng kuning sambal ati ampla perkedel urap sayur telur balado orek tempe sambal enakkk pas banget pedesnya,5,rasa
tata rapih tarik garnishnya kreatif bunga cabe tulis wortel enak wangi gurih lauk pauk pas,5,rasa
layan cepat transparan selurah puas nasi kuning legit wangi lauk komplit sesuai order,5,rasa
nasi legit ayam goreng mantap cabe pedes sesuai pesan terima kasih,5,rasa
nasi kuning mantap sesuai harga laukpauknya lengkap sedap,5,rasa
terima terima kasih,5,pelayanan
kirim ontime cocok selera terima kasih,5,pelayanan
mantap porsi sesuai harga terima kasih,5,rasa
enak mantap respon ok next klo acara bs order recomended,4,pelayanan
nasi tumpeng terima terima kasih,5,pelayanan
kualiatas nya mantap atas ekpetasi porsi sesuai harga term kasih,5,kualitas
jual respon cepat sesuai deskripsi recomeneddd terima kasih,5,pelayanan
manteb pollnasi kuning enak pulen banget urap tahan empal ayam goreng manteb sambal pedas enakresponnya manteb deliverynya pas banget sesuai minta happy and recommended banget terima kasih blackstone,5,rasa
2 kali pesan benar2 enak deh,5,rasa
enak ukur liat tp bikin kenyang ,5,rasa
enak banget lauk pauk enak nasi pulen wangikalo acara keluarga pesan,5,rasa
mantaappptepat rekomended,5,pengiriman
nasi lauk enak premium - pakai urap ga kuat sampe sore mgkn bs pilih sayur yg premiumdan hitung ongkirnya krg masuk akal kirim sekolah ongkir 30rb tny kiri rumah 60rb pdhal rumah belah sekolahbuat masuk aja seller,4,kualitas
tumpeng mini nya enak recommended banget,5,rasa
nasi kuning cantik n enak lauk mantap,5,rasa
nasi nya keras lauk enak2 untung order yg premium krn porsi klo overall puas order terima kasih,5,rasa
porsi pas lauk sumpah enak pake ayam bakar gurih enak bumbu nya asa banget jd langgan ahh,5,rasa
tumpeng ok bonus pudingnyatks,5,rasa
trima kasih pesan tuju trima kasih bonus puding moga berkah,5,rasa
enak banget nasi kuning lauk2nya lalap fresh sellernya ramah order sore bsknya terima ,5,rasa
muas harga murah kualitas biasaditambah bonus puding,5,kualitas
tumpeng nya ok utk tampil tp sayang janji kirim jam 3 sampai jam 430  pdhl jam kantor jam 4 terima jd hrs nunggu gak pulang utk makan spt tepat sesuai minta jd hrs perhati,4,pengiriman
harga segitu masakan ajip mantap anget poko ngak yg puas bgt ud gitu dpt bonus lg puding khusus puasa makasih ya tunggu order berikunya,5,rasa
suka bgt tumpeng mini trs bonus pudingnyaa terimakasih yaa,5,rasa
masakan enak seller sayang datang ga ontime gapapa aman kirim perhati ,5,pelayanan
alhamdulillaah sesuai order kirim on-time menu mantabz rasa maknyooossrecommended dech,5,pelayanan
kali sen tumpeng puas bgt dtg enak bgt owner bgt sukses yaa,5,pelayanan
kirim cepatproduk sesuai deskripsi,5,pelayanan
sesuai kirim,5,pengiriman
wort it,5,pelayanan
produk sesuai pesan kemas rapi kirim cepat respon seller cepat,5,pelayanan
g sayur bosyg ok,5,kualitas
terima kasih ayam afrika-nya da best seller responsif,5,rasa
kirim,5,pengiriman
ayam afrika-nya enak juicy iklan yg suka potong besar2 potong paha paha paha utuh yg anak sy yg balita suka nagih terima kasih sukses yaa ,5,rasa
ntah udah sen kali ketagihaaannn enak bgttttt sihhh,5,rasa
daging lebut bumbu yummy,5,rasa
ayam enaaak empuk bumbu resap banget potong saosnya generous banget tambah pisang manis dessert kira pisang karbohidrat ganti nasi hehehe packagingnya cantik beli family pack melanin pakai neng deh ga buang sampah plastik terima kasih ya paris jakarta,5,rasa
cepet jg kirim malam pesan besok sore udh smp jd bs buka puasa ayam sambelnya mantap,4,pelayanan
ayam empuk wangi saus enak bamget yg saus ijo,5,rasa
barang cepat sampai,5,pengiriman
barang dr seller ok cuman ekspedisi dr free ongkir anteraja kecewa sen hrs jauh2 harap cepat minggu nyampe estemasinya,5,pelayanan
produk sesuai deskripsi recommended seller,5,pelayanan
udah order ratus kayak wkkwkw harap hadiah motor sellernya ,5,rasa
langgananan,5,rasa
order barang bagus layan cepat,5,pelayanan
cepat sampai isi oke,5,pengiriman
produk sesuai deskripsi recommended seller,5,pelayanan
ga tulis exp nya bingung,4,kualitas
ikan bnyk yg gosong kotor ya,4,kualitas
mantap deh pokok beli ,5,pelayanan
gurih ikan ,5,rasa
recommended deh pokok ,5,rasa
recommended seller pokok makasih ya  biar bintang yg bicara,5,rasa
enak bgt tekstur keras utk anak usia 1,5,rasa
lumayan,3,rasa
ketagihanenakkk,5,rasa
packing cepat aman rapi barang dg selamat kualitas ok,5,pelayanan
kirim cepatproduk sesuai deskripsi,5,pengiriman
sesuai kirim,5,pengiriman
produk sesuai pesan kemas rapi kirim cepat respon seller cepat,5,pelayanan
isi lengkap sesuai harga tera enak moga coba sesuai selera,5,pelayanan
rumah basi,1,kualitas
bandeng udah adem pantesan lendir pas buka,2,kualitas
packingan oke praktis udh tinggal masak seller oke,5,pelayanan
cepat  packing aman  isi sesuai  terima kasih,5,pelayanan
makan seh suka sambelnya teenyata instant sambel terasi merk uleg finna dah gitu ekspedisi banget belanja pagi sampai sore esok hari,4,rasa
sesuai deskripsibelum dicobaintks,5,kualitas
pengirimanny cepet bgt thanks seller coba klo enak beli ,5,pengiriman
mantaap rasanyaa,5,rasa
layan kirim slalu cepat terima kasih,5,pelayanan
konsisten,5,rasa
cepet banget sampe nya thx udah fast response ya kangen makan semenjak pindah dr surabaya btw minyak nya abis tumpah2 kirim sptnya next time rapet packaging nya,5,pengiriman
packing rapi produk original mantabss,5,pelayanan
suka rasany,5,rasa
enak bgt bos solusi darurat sahur,5,rasa
mantap cepat packing aman,5,pengiriman
emas aman rapi sumatra dtrima dg baikrekomended,5,pengiriman
kirim cpt bgt mantapp,5,pengiriman
respon cepat otaji enak ga minyak,5,rasa
mantul,5,rasa
pesanan2 muas tq,5,rasa
paket cepet banget kemas rapi imut kotak moga enak biar sen sukses toko ya,5,pelayanan
teri nya gurih,5,rasa
enak sekalipada kirim tdk terima tdk kirim,5,rasa
teri kacang balado udah terima dg,4,kualitas
enak manis pedas teri dibanyakin,5,rasa
sesuai pesan moga2 gak pedas,5,pengiriman
terimakasih seller fast responnya,5,pelayanan
jujur gamau ngasih bintang jelek kirim ga bilang kalo barang kosong tiba2 sampe kasih tulis bakso cuanki kosong oke sy makluminterus admin bilang kirim jumat oke sy tunggu udah minggu ga kabar tanyain kirim esok hari eh bener aja sampe ga kirim bener udah bilang bakso cuanki nya ambil aja mba makan aja,1,pelayanan
barang pesan terima bungkus rapi sesuai pesan terima kasih,5,pelayanan
sih ngirimnya,4,pengiriman
terima kasih pesan terima,5,pengiriman
enakkknamanya po jd,5,rasa
b aja bakso cuangki juara lebak bulus,3,rasa
respon jual cepat harga pas packing aman rapih cuankie enak,5,pelayanan
enak,5,rasa
respon cepat kirim cepat lebih biar bintang yg berbicaratq bosque,5,pelayanan
enk bakso layan nya mantul n sdh belanja yg 3 x tinggal nunggu bns tmbhan ni klk belanja lgwkwkwkw,5,rasa
order layan kirim produk,5,pelayanan
it s all good keep up the good job,5,pelayanan
enak,5,rasa
enak ,5,rasa
product sesuai packing kirim,5,pelayanan
langgan tau kwalitas ,5,kualitas
udah langgan d bakso enak kirim jg cepat,5,rasa
makananya enak,5,rasa
lezzattoooo ,5,rasa
suka bgt fast response kirimanya yg express pizza jg enakk,5,pelayanan
enaaakk pesan bayar jelang jam9 jam11 pesan jarak 11km,5,rasa
direspon cepat terima  pizza nya wangi cocok tasty  campur cheese  roti imbang,5,pelayanan
enak pake banget,5,rasa
enak banget cheesenya tiramisu nya jg enak very very delicious,5,rasa
salah kirim ya lgs susul pizza double terima kasih  ya pizza nya enak,5,rasa
enak banget,5,rasa
enak bgt,5,rasa
pesan terima sesuai deskripsi terima kasih ya moga sukses aamiin,5,pelayanan
respon cpt yg kirimsukak,5,pelayanan
pesan terima sesuai deskripsi terima kasih ya moga sukses aamiin,5,pelayanan
makan pake salad sayur enak,5,rasa
pesan terima sesuai deskripsienak terima kasih ya moga sukses aamiin,5,pelayanan
enak banget,5,rasa
terima nya kurangbagus,4,kualitas
salmon mentai momomaru emang pas mentainya enak pas ga bikin eneg,5,rasa
puas udah repeat order gatau brp kali puedes sambelnya jos kulit bener2 tipis the best ,5,rasa
jujur enak beli ngga pinpoint lumayan dr segi sambal yg lumayan nendang pedas,4,rasa
enak coipan n sambal mantap,5,rasa
coipannya enak next order lg,4,rasa
enak beneran enak banget kulit tipis bawang putih sambelnya pedes mantapp,5,rasa
recommended product one of the best choipans pesan online seller ramah komunikatif,5,rasa
kirim cepat jual ramah  komunikatif kulit choipannya tipis sambal mantap gak pelit ,5,pengiriman
mantap choipan ny enakk,5,rasa
enak krenyes2 sambal mantap,5,rasa
enak bangettttt kulit tipis isi  cucok buka puasa akuu hihihih thankyou sis,5,rasa
kirim cepet hati antar lom coba sih,5,pengiriman
enaaak,5,rasa
saladnya segar enak admin fast response salah kirim  puas beli salad,5,pelayanan
enak cm kali kentang rada keras,5,rasa
enak kirim cepat,5,rasa
enakkkkk,5,rasa
enak banget,5,rasa
enak,5,rasa
enaaakkk,5,rasa
cepat banget pesan menit yg ikut flash sale eh udah,5,pengiriman
enaak fresh,5,kualitas
enaak,5,rasa
beli 2 kalinyarecommended salad rollrecommended seller,5,kualitas
suka rasany,3,rasa
kirim cepet banget estimasi 2 jam ga jam udah sampe fresh,5,pengiriman
saladnya segar porsi toppingnya enak,5,kualitas
uuweeennaaakkk,5,rasa
saladnya cantik rnak mesan cepat direspon cepat utk uk sameday langgan pasti,5,rasa
fresh  kasih bonus tomat ceri terima kasih,5,kualitas
salad sayur murah 50rbu dpet 3 isi cuman sayur topping kn bsa bebas nambahin sndiri pke iris ikan tuna daging dll saosnya enak,5,rasa
saladnya mantap,5,rasa
fast responbrg freshpuas blnj d dpt bonus tomat kali inisukses gan,5,pelayanan
ya ampuuun enak banget sayur fresh cepat kirim harga sahabat bonus lagibakal langgan nih ,5,rasa
fast respond n delivery tks utk free saladnya,5,pelayanan
siang order sore langsung,5,pengiriman
enakkkkk  udah habis order ah,5,rasa
pas,5,rasa
dah beli wkwkwkuntuk bikin kimchee jigae gado yummmm,5,rasa
kimchi nya enak,5,rasa
langgan,5,kualitas
sesuai kirim cepat,5,pelayanan
sy sangt puas dg psanan kimchi nya  sangt enak  mantap kemas bagus rapi dn dtg wkt kurir nya sopan,5,pelayanan
packing rapih produk ok,5,pelayanan
barang sdh terima terima kasih,5,pengiriman
layan bagus,5,pelayanan
kimchinya wangi banget pesan besok langsung langsung buka icip sesuai request  jual ramah tingkat pedas asam kimchi nya packing super rapi double bubble wrap thanks sist ,5,rasa
kimchi nya ok banget thanks gan,5,rasa
kimchi nya enak banget harga gin dpt worth it kimchi juicenya cocok nasi goreng kimchi jiggae so yummyyyyy repeat order deh kalo uda abis ,5,rasa
mantul beli 2 mantap packingnya kaga bocor moga jualanya laris manis,5,pelayanan
kimchinya enak,5,rasa
dah 2x order kimchi nya enakharga nya lumayan murah thanks,5,rasa
seller ramah kimchi nya enakkk sesuai request repeat order yg sekian kali ttp ga bosen enak kimchi yg percaya deh ga nyesel beli kimchi id,5,rasa
taste is good,5,rasa
packing rapi bgt udah cium bau2nya blm buka makasih seller,5,rasa
enak n segar,5,rasa
fresh berat pas banget buka puasa,5,kualitas
respon cepat sesuai pesan,5,pelayanan
enak  suka saladnya makasih yaa,5,rasa
enk,5,rasa
enaknyaaa,5,rasa
enak bangeeeet ,5,rasa
enak bgt fresh,5,rasa
cuman 1harang dtg,5,pengiriman
kimchi nya nya enak bangetterutama yg lobak nyapkknya emang beda rasa kirim jg cepat banget nyapengemasan jg rapih amandi pakein toples pula,5,rasa
enyakkkk,5,rasa
kimchinya sdh fresh,4,kualitas
sesuai deskripsi manis,5,rasa
manisbeda kimchi korea,1,rasa
kimchinya asam pedas,3,rasa
mantab ,5,kualitas
nya muas gurih pedas kilas manis tinggal asam nya tambah sengaja beli fresh atur kadar asam nya enak sayur segar crunchy beli kimchi sehat banget makan probiotik alami,5,rasa
enak,5,rasa
kirim cepat pake instant no drama buka aroma kayak basi gitu pas makan baik aja sih order kali konsisten,4,pelayanan
enak saladnya  kirim cepat rapi bungkus,5,pelayanan
saladnya enak dressingnya suka,4,rasa
coba beli promo enak kenyang potong salad wrap kulit tortilla beneran bikin kenyang isi padat kaya tekstur buka puasa cocok banget dressing-nya honey mustard dominan asam prefer manis sih kemas dressing sauce lapis plastik ngga tumpah,5,rasa
enak,5,rasa
sdh beli yg 3 kalienakbahannyasegarpenampilan cantik,5,rasa
fast response cantik bgt tampil enak bli d,5,rasa
terima kasih pak bu emas rapi kirim cepat layan muas mantappp -,5,pelayanan
favorit banget ukur makan ga udah beli kalo flash sale hehe terima kasih serasa diskon ya hehee,5,rasa
langgan tq kakak seller,5,kualitas
udah beli 2 kali mantappp enakk,5,rasa
enak bgt gaboong trus taste nya ramah lidah orang indo tp kyanya fermentasi klamaan jd sensasi lidah gtu overall kimchi enak si,5,rasa
respon cepat kimchinya enaaak,5,pelayanan
enak banget sdh ky makan resto korea,5,rasa
enak bangetttt cepet ntaps,5,rasa
enak the best kimchinya,5,rasa
nyoba kimchinya enak seger banget asemnya pas temen makan ramyeon ,5,rasa
kimchi pa salah favorit varian timun  sawi udah kali order  enak makan dgn jajang ramyeon bbq,5,rasa
enakbakal langgan teus,5,rasa
sukaa bgt udah kali pesan ga kecewa  sayang mesan kena zonk jasa kirim barang jalan,5,rasa
sellernya ramah kooperatif salah pilih kirim barang bagus ganti barang bayar ongkir thank you,5,pelayanan
bumbu manis kimchi bumbu bgt,1,rasa
enak sekaliii,5,rasa
kimchinya enakkkk banget kyk yg korean food resto fresh,5,rasa
kimchi enak kali cobain varian bawang fresh banget manis coba simpen 2-3 biar fermentasi dl hehe ,5,rasa
enak renyah fresh,5,rasa
kirim cepat seller responsif,5,pengiriman
enaak fresh,5,rasa
enaak,5,rasa
beli 2 kalinyarecommended salad rollrecommended seller,5,kualitas
suka rasany,3,rasa
kirim cepet banget estimasi 2 jam ga jam udah sampe fresh,5,pengiriman
saladnya segar,5,kualitas
uuweeennaaakkk,5,rasa
saladnya cantik rnak mesan cepat direspon cepat utk uk sameday langgan pasti,5,pelayanan
blm makan kimchi asli korea yg ramah lidah d kirim cepat,5,rasa
anak bs makan krn tdk asam pedas,5,rasa
seller fast response ramah kimchi nya enak banget fresh recommended seller,5,pelayanan
enaakkkk  langsung order jual responsif,5,rasa
dah langgan konsisten,5,rasa
yummyyy,5,rasa
mantab,5,rasa
mantap bintang 5,5,rasa
istri suka fresh tingkat asam atur sesuai selera,5,kualitas
good kurang bbrp barang kering basah campur kantong hitam trus kantong hitam nya tipis,4,kualitas
barang rmh dingin2 mantul ,5,kualitas
sellernya ajak gercep urgent exp thanks kak,5,pelayanan
cepet banget kirim sen siang sore uda sampe the best,5,pengiriman
proses cepatthx,5,pengiriman
maaf ksi tw  barang kmren smpai mantep barang cpet smpai lau gx cpet smpaitkut nya rusak  good bgt langsung older langsung proses,5,pengiriman
kirim cepat,5,pengiriman
lobak asin nya sesuai terimakasih sukses ya,5,rasa
produk bagus,5,kualitas
layan kakak baik god bless ya kak,5,pelayanan
kirim cepat,5,pengiriman
barang ok  servicenya expresstq,5,pelayanan
puas srkalimemang gak sampaitapi kemarin kasih ulasankurir ramah terima kasih toko dia,5,rasa
cepat mantappppp,5,pengiriman
cepat mantappppp,5,pengiriman
bagus harga terjangkaukurir ramah,5,kualitas
cepat mantappppp,5,pelayanan
freshh enak asam pas tp pahit,4,kualitas
packing nya rapih bgt sumpah  sayang dikit bgt muehehehehehe,5,pelayanan
enaaak banget  asem nya  pedesnyaa,5,rasa
proses kirim cepet ga pake lamaa kimchi nya enakkk loh rekomended mayan promo thanks,5,pelayanan
enak banget mantappp,5,rasa
respon cepat kemas rapi mantap coba klo cocok langgan beli nih,5,pelayanan
udh 3x beli koto kimchi kimchi enak yg beli seger bgt cabbage nya renyah bgt,5,rasa
barang sesuai pesan kirim cepat aman thanks seller ,5,pelayanan
packagingnya pakai dus wrap rapih banget,5,pelayanan
enakk bgt,5,rasa
brg sesuai deskripsi kualitas bgs respon cepat n packaging rapi recommended ,5,pelayanan
barang bagus proses cepat,5,kualitas
kimchinya enaak udah order lain enak huhuuuu,5,rasa
tasty,5,rasa
enak segar jual ramah makasih ,5,rasa
repeat order suka kimchi nya asam pedas pas volume,5,rasa
kemas rapih biarpun bocor rembes,5,pelayanan
kirim yg sekian x cepat ya reseler jg okeh sayang yg kirim 3 bocor sesuai foto yg kirim so far okeh,5,pelayanan
asem cukapadahal sdh kulkas 7,4,rasa
kimchi ter fresh ku makan enak banget asa manis manissayang packagingnya turut karna ku bagi 2 toples 400gr sampa rumah toplesnya gembung jd susah buka buka ledak karna jalan si kimchi guncang panas jd ku hilang bumbu lumayan banyakhehehe,5,kualitas
proses kirim cepat,5,pengiriman
beneran enak,5,rasa
kirim cepat produk oke terimakasih,5,pengiriman
enaaak bgt sayang 400gr dosis nyiahahha,5,rasa
order kali fresh kimchinya blm asem order mah ,5,rasa
packagingnya aman plastik toples  karna ngembang jd susah banged buka toplesnya wkwkw  c kimchi enak ,5,pelayanan
kimchi nya enak udah kali beli beli 700 gram dapetnya 662 gram udah kemas,1,rasa
respon seller cepat beli 2 kali gak kecewa terima kasih banyak,5,pelayanan
puas barang sesuai,5,kualitas
cepat packing aman produk mantap,5,pelayanan
produk bagus,5,kualitas
barang ok  servicenya super expresstq,5,pelayanan
packing rapih kirim cepatsemoga reordermakasih seller ,5,pengiriman
kirim cepat,5,pengiriman
enak recommended sellertopnext order deh terimakasih ,5,rasa
okeyyy,5,pelayanan
fast respone enak,5,pelayanan
mantab,5,kualitas
fast delivery good product,5,pengiriman
makan cepat dateng enak ,5,pengiriman
barang sesuai deskripsi kirim cepat trims,5,pelayanan
ga cocok masakan korea cocok masakan jepang udah nyoba makan korea ga cocok kimchinya enak asam banget,4,rasa
pesan cepet sampaipacking nya rapih bgt ,5,pengiriman
enakpengobat rindu blm korea makan kimchi homemade langgan,5,rasa
respon cepat mantap,5,pelayanan
pesan sdh terima sesuai thanks seller,5,pengiriman
sy terima nggak sy makan sdh 5 jalan takut sakit perut produk kota senin antar kamis itu email cs anteraja komplain tokopedia,3,pengiriman
barang sesuai deskripsi produk oke packaging rapih kirim cepat seller fast respons udh langgan recommended ,5,pelayanan
enaaakkk,5,rasa
produk bagus  kirim cepatthank you,5,pelayanan
thanks ,5,pelayanan
packing aman kardus trs dibubble wrap dalem wadah plastik utuh ngga yg retak hehe cm ngga bener2 nutup hehe saran mgkn isolasi lakban kimchinya bungkus plastik alhamdulillah ngga bolong ngga bocor hehe yaa kimchi seller fast respon udah berkali2 beli olshop overall puas mksh,5,pengiriman
kimchi fresh mantap,5,kualitas
mantafff,5,kualitas
kres kres enak,5,rasa
enak banget,5,rasa
pesan kimchi terima sesuai yg diorderpacking aman kirim cepatterima kasih,4,pelayanan
sukaaaaaaaaaaaaa,5,rasa
kirim super cepat sen pagi malam udh dtg tks dapursakinahku,5,pengiriman
kondisi barang terima rapi bagus kemas plastik tebal double bocor kuah tumpah basah kardusuntuk kirim kecewa sesuai maksimal tgl 14 maret 2021 terima konsumen kirim sicepat tgl 15 maret 2021 alas tgl 13 sabtu 14 minggu sicepat libur sabtu minggu hitung sistem kerja sunggung kecewa,1,pengiriman
barang cepat,5,pengiriman
enakk tp pahit,4,rasa
suka pahit,3,rasa
lontong wangi daun padat lembut enak,5,rasa
lontong lembut enak makan pakainopor,5,rasa
pesan dadak opor sisa order cepat respons enak lontong lembut terima kasih,5,rasa
lomtongnya bagus enak fresh,5,kualitas
lontong sesuai pesan enak legit sesuai espektasi tahan yaa trimakasih seller,5,rasa
harga kompetitir enak,5,rasa
produk lontong lembut mantap,5,rasa
lontong yg benyek om ga jel ga padet,3,kualitas
fast response kirim sesuai minta sayang lontong ujung lembek hancur,4,kualitas
bagus oncom nya ,5,kualitas
product sesuai tp oncom tebal paruh oncom,3,kualitas
good quality very fresh  affordable price  fast delivery on time  seller shop is very friendly and helpful  will definitely order again ,5,kualitas
isi nya admin nya cepat tanggap bantu,5,pelayanan
puas beli disiniselalu enak kirim cepet,5,pelayanan
enak bgt mexican tuna salad nyaporsi nya pas antar cepat jg yg,5,pelayanan
enak saladnya,5,rasa
terima kasih pak bu emas rapi kirim cepat layan muas mantappp -,5,pelayanan
suka salad,5,rasa
kirim cepat enak,5,pengiriman
like the dressing however it was very little for the salad s portion,4,rasa
enaaakkdressingnya ,5,rasa
toko amanah syg kurir anterajanya lambat banget ngirim paketanterajaanternya kapan2 aja,5,pengiriman
fast respon n delivery sdh langgan beli asin n ok bget,5,pelayanan
sesuai kirim cepat,5,pengiriman
enak  segar ,5,rasa
yummmmyyyyyy so fresssshhhhhsdh repeat order,5,rasa
kirim asin nya enak banget,5,pengiriman
sdh beli n rasany mantulll,5,rasa
enak fresh ingredients pas padu mangga asam lengkeng manis,5,rasa
enakkkkkkkk,5,rasa
enakkkk n sdh repeat order berkali2,5,rasa
produk bagus original sesuai pesan packing rapih kirim cepat mantaap deeeh terima kasih banyaktokopedia  seller sukses yaa amiiin,5,pelayanan
thank u gan enak,5,rasa
cream nya bnykkulit jg tebalisi durian jd sdktpengiriman joooss,4,rasa
kirim cepat sayang gratis ongkir beli 2 mahal ongkir kirim,5,pengiriman
barang sdh cepat mantaf,5,pengiriman
mantappp cepat sampe 30menit mesan,5,pengiriman
jossss bngt sen jam 3 eeeeehhh jm 7 dah nympetq,5,pengiriman
buah segar enak,5,kualitas
enak bangetttt buah harga murah mayoinase nya enak puas,5,rasa
jual ramah,5,pelayanan
jual konsisten layan yg cepat ramah packing yg kuat sturdy tampak yg cantik buah2an fresh suka pilih kewpie yogurt temu tempat tambah almond slices naik harga duh nggak bilang puas deh pokok lebih2 blueberrynya nggak kecewa so so highly recommended ,5,pelayanan
bahan fresh konsisten enak packing rapi cantik response ramah cepat nggak kecewa highly recommended,5,pelayanan
enaaakk,5,rasa
repeat orderseller responsif order 1530 langsung proses maghrib dah rumahtks seller,5,pengiriman
puas seller responsifsalad buah nya mevvahtks seller,5,pelayanan
puas sm salad buah seller responsif price reasonable buah2nya fresh cheese n dressing nya ga pelit top pokok,5,kualitas
kismis enak bngt kali order lg terima kasih kirim cepat,5,rasa
bagus  cepat recomended seller ,5,pelayanan
tdk slh pilih - recommended fast respons produk sesuai deskripsi the best full hitam  moist  bsr best packing free box  bubble wrap aman kirim brasa same day bayar gratis 100 thx gan,5,pelayanan
sesuai sana proses dikit produk bagus enak bgt ga kering wangi,5,kualitas
kismis bagus respon cepat,5,kualitas
lumayan enak kismis nya kaya bau2 karet nya ya,4,rasa
bagus moga kwalitas utama biar langgan,5,kualitas
bagus,5,kualitas
sdh sekian kali belanja mari top deh pokok moga daerah kelapa gading aman dr banjir,5,kualitas
rnak ga manis keju buanyak kirim cepet,5,rasa
dah kali order ga kecewa dah mantul,5,kualitas
salad buah nya enak,5,rasa
buah segar semuarasa enakbakal repeat order,5,rasa
saus mantep gak pelit buah jg segar macem2 definitely not going to be the last purchase ,5,kualitas
respo cepat buah fresh,5,pelayanan
terimakasih ya saladnya enak sdh repeat order ,5,rasa
poko layan cakeep banget deeh langgan,5,pelayanan
enak banget puas,5,rasa
egk ragu,5,rasa
selaluuuuu enakfreshnagih,5,rasa
re order lg  ,5,kualitas
neng banget kasih bonus asin free ,5,pelayanan
enaakk,5,rasa
enakcepat sampaisesuai foto,5,rasa
enak udah keburu abis ng sempet foto,5,rasa
yg sdh uji sdh kali beli gak berubahnano thanks seller,5,rasa
asin terfav,5,rasa
mantapp,5,kualitas
terima kasih produk service mantap - biar bintang yg bicara,5,pelayanan
enaakkkk,5,rasa
mantaab rasanyaa ,5,rasa
segerrrrrpenjualnya ramah next order,5,pelayanan
kualitas oke kirim cepat mantap,5,kualitas
wajib d cobaiiiin enakkk bingitz,5,rasa
enak garuda langgan dr taon,5,rasa
alhamdulillah ngidamnya sampean jg bnr parah asin enk bgtseuugeeeeernya mng bkn mata meleknch br prtm kl rasain asin enknya ky gn ntuk air asemnya mng bkn dr cukaasinannya msh freshpemgiriman sgt cpt penjul ramah pokok top markotop dch dgn layanannnyabs jd langgan nch pas lg kpgn makan yg segerthx y agan smg dagang sll laris manis sukses trs ,5,rasa
mantap asli bikin merem melek ,5,rasa
kirim cepat tks mah ga d raguinajib n tks semuany freshtks,5,pelayanan
packing rapi cepet jual responsif ramah asin nya maknyus,5,pelayanan
enak,5,rasa
maknyus,5,rasa
bikin tagih,5,rasa
manis mantab durian kirim cepattq,5,rasa
enak manis durianya mantab,5,rasa
paket terima tp blum coba krn utk jual insha allah enak ya,5,pengiriman
sesuai pesan kirim cepat pake grab sich btw good seller and thanks tokped,5,pelayanan
mantab berasaaa durian medan nya,5,rasa
bagus manis asa bngt durian asli tq,5,rasa
enakkkkkks syekali makas seller makas jga abang kurir,5,rasa
mantap enak saladnya tq,5,rasa
mkshhh kak moga lancar manfaat barokah selaluuuuuu aamiin,5,pelayanan
alhamdulillah udah sampe selamat paket mkshhh bnyk ya kak utk bonus nya masya allah moga allah usaha lancarrrr barokah selaluuuuuu aamiin ,5,pelayanan
pesan sekian kali loohsoal jgn tanyapokoknya mantul makas seller yg ramahkapan2 insya allah order lagi,5,rasa
always the best alhamdulillah mkshhh selaluuuuuu kak barakallah,5,pelayanan
asam buah ukur jujur makan ka krna asam anak jg ga suka sukamakasih ya ka udh tanggung ganti yg barusemoga berkah rubah review nya,5,rasa
mkshhh yaaaa kak udh sampe paket muas,5,pelayanan
mkshhh yaaaa kak packing nya aman,5,pengiriman
beli ke-4,5,kualitas
packingan rapi,5,pengiriman
beli yg puas epak rapi pakai bublewarp stiker fragile barang khasiat bagus kadarluarsanya jual fast respon makasih gan ,5,pelayanan
mantap barang asli khasiat bagus langsung epak rapi tulis fragille pakai bubblewarp kadarluarsanya jual fast respon makasih ya next order lg ,5,pelayanan
sesuai pesan cepet nyampe packing rapi  ditambahin bublewrap murah yg recomended,5,pengiriman
sesuai ekspektasi moga jd sehat ,5,kualitas
kirim cepatpackingnya aman  rapiproduk kemas makasih seller,5,pengiriman
harga bagus barang bagus kirim cepat,5,pengiriman
packing amanmurah cepat,5,pengiriman
alhamdulillah coba barang bagus sesuai detail tera deskripsi produk respon jual kirim cepat overall puas layan jual muslim moga allah berkah usaha,5,pelayanan
selamat mual muntah ku,5,rasa
kuat heran rasanyamaaf ekspektasi,4,rasa
fast respon good seller good product,5,pelayanan
kirim cepat produk ok,5,pengiriman
busyet dah asiin bangatrasnya ngangenin bikin hausscocok makan buka warung makan,5,rasa
enakkkkk coyyyyyyy,5,rasa
enak,5,rasa
enak euy,5,rasa
fav sih snack dr,4,rasa
asin,3,rasa
respon seller cepat produk sesuai foto deskripsi terimakasih sukses,5,pelayanan
pait ya kyk udah gk segar pdhl kondisi rmh dingin sdh,4,rasa
enak,5,rasa
enak durian cupnyabener2 dr durian medanthx ya gansukses,5,rasa
enak respon cepat,5,rasa
kirim cepat durian enak manis respon seller cepat recomended dech,5,pengiriman
kirain dr foto ukur ternyatahehe tp laahhhpuas,4,rasa
respon cepat ok banget real durian asli next order,5,pelayanan
isi penuhtapi ok,4,rasa
barang sesuai gambar deskripsi ,5,kualitas
barang proses kirim cepat kemas rapi terima kasih sayurbox,5,pengiriman
sayur fresh layan lumayan cepat,5,kualitas
produk cepat memuaskanthanks banget seller,5,pelayanan
nanas gak kirim ga diinfoin refund tokped tau2 pesan udh selesai otomatis,1,pelayanan
segarrrr ,5,kualitas
nanas manis bangetcuttingnya rapi suka banget  puas banget ,5,rasa
kirim cepat barang oke,5,pengiriman
mantap,5,kualitas
bersih biji,5,kualitas
pesan proses cepat kirim oke cepat sesuai deskripsi langsung santap,5,pelayanan
kangen,5,rasa
pokok puas ,5,pelayanan
respon nya cepat barang cepat sampe tq ya,5,pelayanan
proses kirim yg cepat sesuai dgn deskripsi,5,pengiriman
enak ,5,rasa
enak tambah kacang tanah goreng sambal ekstra kemas kirim express aja paket terimakasih seller ,5,pelayanan
mantap ,5,kualitas
cepat  cocok lidah,5,pengiriman
sesuai pesan respon seller kirim cepat terimakasih,5,pelayanan
maknyusss,5,rasa
cabe ngga mgk ketinggalanshg yg makan sendirimereka ngga cabe ngga makanbagaimana ngga puasa habisin 5 porsimakasih ya,5,pelayanan
mantap fresh,5,kualitas
enak porsi mini hehe,5,rasa
mantap fresh buah,5,kualitas
respon jual kirim cepat,5,pelayanan
dah ga hitung brp kali repeat order ,5,rasa
enaaaakkkk bingitzzzzz,5,rasa
brp puluh kali beli  jd member alias langgan,5,rasa
enakbuahnya fresh seger packingan bersih aman bgt kirim cepat seller ramah makasih,5,kualitas
mohon maaf lupa foto saking enak udah abis duluan inget foto review asin kuah putih beda sih enakk banget,5,rasa
mantap asli bikin merem melek ,5,rasa
kirim cepat tks mah ga d raguinajib n tks semuany freshtks,5,pengiriman
enak segeer,5,kualitas
asin nya enak bgt kirim cepat,5,rasa
kirim cepat asin enak thx,5,pengiriman
pas sesuai selera ,5,rasa
re order yg sekian kali maaf gak sempet foto buru2 dimasukin kulkas takut khilaf puasa ,5,rasa
seger and fres bngt  makasihhhhh,5,kualitas
oktuanks seller,5,pelayanan
mantap ,5,kualitas
puas deh sampe gak sempet masuk kulkas langsung makan ,5,rasa
kecewa note sesuai ,3,pelayanan
biar tangan yg bicara mantul saladnya,5,rasa
udah kali kli bli enak muas langgan,5,pelayanan
enak ,5,rasa
barang kemas rapi,5,pelayanan
oke banget beli asin sampe gojek nya bingung beli asin banget enak pas banget ,5,rasa
segeer banget sedeep,5,kualitas
beli sekian kali suka ,5,rasa
seger makan siang2 cm mangga adem bgt makasih,5,kualitas
mantab  terima kasih,5,rasa
bintang bicara ,5,pelayanan
biar bintang yg bicara yaterima kasih,5,pelayanan
pas mantab makasih yah,5,rasa
maaf ya cocok dg saus buah nya fresh air,3,rasa
sukakkk  sellernya helpful bgt  repeat order soon ,5,rasa
buah segar enak seller respon bagus recomended,5,kualitas
gak ragu udah beli yg sekian kali pokokya sehat sukses y sis,5,rasa
udah langgan 6x sen via toped wa premium enak keep up the good quality sis,5,rasa
transaksi berkali2 puas,5,pelayanan
sesuai pesan terimakasih,5,kualitas
barang terima packing aman terima kasih,5,pengiriman
suka sy kirim cepat packing nya rapi trimakasih ya,5,pengiriman
sesuai pesan barang,4,pelayanan
mantap ,5,kualitas
garing mnggany enakbkl psn,5,rasa
enak seger bgt mangga asem renyah pas ngidam,5,kualitas
enak repeat order,5,rasa
enak banget krenyes2 buah super segar kali mesti beli,5,kualitas
repeat order buah mangga bagus sesuai pesan packing rapi ikat erat terima kasih ,5,pelayanan
enak banget,5,rasa
mina kasih buah  packing bagus buah bagus ,5,kualitas
enak bgt pesan yg sekian kali,5,rasa
enak banget dongterasinya sukak langsung repeat order stock,5,rasa
baraang ny bagus kirim cepeett bangeett jooss toko bonuus nya,5,kualitas
mantap,5,rasa
recomended seller,5,pelayanan
lapak fast responpacking rapibarang darat amanmantab pokok,5,pelayanan
mantap barang bagus rekomendasi,5,kualitas
barang mantap lebih recomended,5,kualitas
barang mantap kualitas sukses pokok,5,kualitas
recomended mantap,5,pelayanan
barang oke,5,kualitas
recomended seller,5,pelayanan
barang kualitas respon seller cepat,5,kualitas
enak pas dapet harga diskon sering promo yaa ,5,rasa
bsrang sesuai pesan,5,kualitas
brg ok enak thanks,5,kualitas
jual ramah packing nya aman kota,5,pelayanan
mantab beli kali kecewa,5,pelayanan
kirim cepat enakkkk suka,5,pengiriman
enak segar,5,kualitas
nya wangi manistidak sesuai iklan,1,rasa
mantabbbb packing bagus,5,pengiriman
oke  biji duren yg dalem plastik,5,rasa
uenakkk langgan nih,5,rasa
barang bagus packing rapih kirim cepat recommended seller,5,pelayanan
manis mantul mksh,5,rasa
joss udh sampe sen ga sampe 1 jam moga joss jg,5,pengiriman
ga kecewa dgn durian durian manis2 thx ya,5,rasa
mantap manis,5,rasa
mantap,5,rasa
mantappp,5,rasa
enak,5,rasa
suka bollen kartika enak,5,rasa
sesuai kirim item yg order,5,pelayanan
barang besok expired,1,pengiriman
uda sen hr sabtu tp kirim ampe jam 11 senin kirim sore tuju selasa siang,3,pengiriman
makan suka 2x beli toped packing rapi  aman,5,rasa
gede puas,5,pelayanan
sy enak tgl 8 2 pesan 9 2 bayar 10 2 siang udah sampe mantep dah cm dus penyok tp enak mksh kartika sari,5,rasa
beli ke-4,5,rasa
packingan rapi,5,pengiriman
beli yg puas epak rapi pakai bublewarp stiker fragile barang khasiat bagus kadarluarsanya jual fast respon makasih gan ,5,pelayanan
mantap barang asli khasiat bagus langsung epak rapi tulis fragille pakai bubblewarp kadarluarsanya jual fast respon makasih ya next order lg ,5,kualitas
sesuai pesan cepet nyampe packing rapi  ditambahin bublewrap murah yg recomended,5,pengiriman
sesuai ekspektasi moga jd sehat ,5,kualitas
kirim cepatpackingnya aman  rapiproduk kemas makasih seller,5,pengiriman
harga bagus barang bagus kirim cepat,5,kualitas
packing amanmurah cepat,5,pengiriman
kirim cepat pia enakk,5,pengiriman
seller responsive ,5,pelayanan
suka banget pia tagih,5,rasa
seller gercep enak pia nya uda beli  suksesterus,5,pelayanan
uenak,5,rasa
barang sesuai tks,5,pelayanan
mantap,5,kualitas
good productgood seller  thankyouu ,5,kualitas
good seller good product ,5,pelayanan
good product good seller  thankyouu kak,5,pelayanan
good seller  pesan sesuai produk ok kirim cepat terima kasih seller sukses selalu,5,pelayanan
mantaap respon seller produk ok,5,pelayanan
enak ngga manis puas belanja on time sesuai deskripsi 2 jam 11 siang hehe fresh masuk topping kacang mgkin bsa hancur seragam homogen krna piece yg trnyta keras,5,rasa
bolu nya enak mantapp,5,rasa
puasudah langgan,5,pelayanan
wow yum yum enak,5,rasa
enakkk ngga manis bolu nya lembut ,5,rasa
puas pesan enak kirim sesuai,5,pelayanan
packing nya rapi pas buka wangi nya enak bsk2 beli terima kasih,5,pengiriman
sen kue serapih packagingnya bener2 bagus po 2 hr tp besok udh sampairasanya enak lembut tp mantap kacang jg garing top bangettsss,5,pelayanan
packaging aman produk sesuai ekspektasi moga sukses,5,pelayanan
bolu jadul enak kemas rapi dar saran bag nya jgn plastik kali yaa spy tdk tambah sampah plastik hehe,5,pelayanan
kirim cepat jual kooperatif,5,pengiriman
puasa bangettt ngasih hampers org cocok banget,5,pelayanan
sampenya cepat sekaliiii po  terimakasih banyaaak min,5,pengiriman
cokelat kalo ga inget berat badan bisa2 diabisin  layan ekspetasi pikir ga kirim langsung kirim mantab,5,rasa
enak bangeeet coklat rasa bbget tdi mkan ditroh kulkas dlu jdi enyoyy repurchase si makasih seller,5,rasa
sumpah tulis po pas sen malemnya udah kirim pagi udah sampeeee layan ramah bangettt fix kalo beli hampers sini the best,5,pengiriman
layan cepat paket tuju dgn aman mantaap sukses sellernya,5,pelayanan
mantab pas banget hampers lebaran thank you,5,kualitas
proses cepat,5,pengiriman
seller ramah informatif fast response jugapackaging cantik karna hampers lebaranproses pesan cepat h-1 pesan besok antar rapi cantik pacakgingnyasiap bagi hampersnyaoverall puas,5,pelayanan
enak admin good response,5,rasa
alhamdulillah kue enak sesuai pesan terima kasih,5,rasa
admin respon mgkn krn order dinotice proses cepet alhamdulillah terima sesuai yg diharapkanrasa kue ijonya sih juara bangeett ,5,pelayanan
pesan cepet sampe pagi sen siang udh sampe free greeting card luvvv makas,5,pengiriman
paraaah enak banget,5,rasa
suka bgt order paket hampers teman2,5,kualitas
enakkkkk,5,rasa
respon seller cepat packing sesuai pesan,5,pelayanan
kirim cepet banget packing okeee sungguh endul nggak malu2in kasih2 tetangga ,5,pengiriman
beneran kue basah yg segertks kaaaasukses,5,kualitas
enak,5,rasa
kulit choipannya yg hancur lengket,2,kualitas
enak sambelnya ngeklop bgt tp mgkn pas ambil ati2 krn kulit tipis overall ok smua,5,rasa
choi pan langgan beli ber kali2 muas enak puas ,5,rasa
mantabsudah langgan,5,kualitas
ehm choipan nya ya choipan nyabiasa ajaterus sambal nya beli nya 40 biji,3,rasa
enak,5,rasa
choipannya enak nyesel ordernyakurang kirim cepat,5,rasa
enakkkk cpt kirim thx,5,rasa
kualitas harga jangkau,4,kualitas
recomended,5,pelayanan
hancurrmanntaabbb,5,kualitas
sebenernya takut kalo order makan dr kota alam bbrp kali pas sampe makan ancur lbh parah basi packingnya bagus banget aman banget order,5,kualitas
barang kondisi bagus enak seller fast respon packing rapi aman rekomen,5,kualitas
barang kondisi bagus enak seller fast respon packing rapi aman rekomen,5,pelayanan
sdh beli ,5,pelayanan
good,5,rasa
enak banget,5,rasa
not really for me hehe manis tekstur ok,3,rasa
gk kecewa beli,5,pelayanan
admin ramah banget fast response browniesnya two thumbs up coklat asa banget gak manis,5,pelayanan
adminnya fast respon bgt yg ga lgsg konfirmasi ,5,pelayanan
enak2 manis pas yg varian greentea nya grenteacheese nya tebal coklat enak,5,rasa
enak banget cokelat nya leleh nagih sih ini bahayaa,5,rasa
ok,5,kualitas
enak banget kirim super cepat 2x belanja ,5,rasa
kirim cepat jual kooperatif,5,pengiriman
puasa bangettt ngasih hampers org cocok banget,5,pelayanan
sampenya cepat sekaliiii po  terimakasih banyaaak min,5,kualitas
cokelat kalo ga inget berat badan bisa2 diabisin  layan ekspetasi pikir ga kirim langsung kirim mantab,5,rasa
enak bangeeet coklat rasa bbget tdi mkan ditroh kulkas dlu jdi enyoyy repurchase si makasih seller,5,rasa
sumpah tulis po pas sen malemnya udah kirim pagi udah sampeeee layan ramah bangettt fix kalo beli hampers sini the best,5,pengiriman
layan cepat paket tuju dgn aman mantaap sukses sellernya,5,pengiriman
mantab pas banget hampers lebaran thank you,5,kualitas
proses cepat,5,pengiriman
seller ramah informatif fast response jugapackaging cantik karna hampers lebaranproses pesan cepat h-1 pesan besok antar rapi cantik pacakgingnyasiap bagi hampersnyaoverall puas,5,pelayanan
original exp fresh makasih ya,5,kualitas
kirim,5,pengiriman
mantap,5,kualitas
respon bagus,5,pengiriman
responnya sm kirim cpt bangetkuenya jg enak,5,pengiriman
kue enaklembut gak manis,5,rasa
sen semalem bsk siang sampe,5,pengiriman
paket packing oke kurir oke produk oke moga kue bolu talas berkah,5,pelayanan
kirim cepat layan ramah,5,pengiriman
mantap fast response jual kirim cepat enak ,5,pelayanan
kirim cepat,5,pengiriman
mantapp lezat,5,rasa
wajib beli ,5,rasa
kirim super cepet seller ramah beli kloter ,5,pengiriman
enak,5,rasa
respon cepatpesanan sesuai requestpengiriman pake sameday aman sekalithank you,5,pelayanan
beli berapa kali syukaa,5,rasa
nagih enak banget,5,rasa
enaaakkkkk,5,rasa
good thx seller,5,pelayanan
ok tdk kecewa,5,rasa
enak,5,rasa
enak mantap ga jauh2 surabaya beli ceapt banget sampai makasih yaaa,5,rasa
gak nyesel beli kualitas kue jamin respin seller cepat,5,kualitas
pesan siang sore  adminnya ramah  langgan livana kalo surabaya beli livana  outlet jakarta mudah beli  ragu  enakk,5,pelayanan
enak nikmat kirim packaging bagus cepat,5,rasa
packingnya rapi bangetkeren dah pokok kue enakg was2 kue penyok kenapa2di jamin sampe selamat kuenyahappy shopping,5,pelayanan
kue nya istimevvah ,5,rasa
respon slow notice proses cepet banget admin bantu alhamdulillah sesuai estimasi nggak bahas daeebaakk juaraaa ,5,pelayanan
ahhh sukaaapackagingnya gemas kirim cepat gak malu2in kirim2 hampers ,5,rasa
enak banget langs ludes ,5,rasa
super cepat kirim thanks,5,pengiriman
enakkkkk bgt,5,rasa
cepat respon dn oke bingit kue nya,5,pelayanan
kue yummy  layan baiksuper cepat thank you ,5,rasa
enakkk langsung ludes makan dua,5,rasa
enak bangeeet ongol-ongolnya kenyal pas,5,rasa
seller fast respon gemblong empuk enak ,5,pelayanan
overall enak gula kering tahan kering tp gosong paitnya ketan udah oke banget gacor,5,rasa
terima kasih puas enak cepat aman,5,pelayanan
parah udah repeat order 2 sen enak banget,5,rasa
terima kasih enak suka ,5,rasa
enak banget banget lembut manis pas,5,rasa
enak bener jual enak kalo lsg makan,5,rasa
layan cepat mkn enak,5,pelayanan
ketan legit gula merah asa banget rebut keluarga l,5,rasa
browniesnya eunak gak manis packing rapi n ok,5,rasa
barang sesuai terima kasih,5,kualitas
kirim cepat emas aman exp thx,5,pengiriman
endul,5,rasa
brownisnya enaaakkkk,5,rasa
kue enak delivery cepat,5,rasa
browniesnya selamat packingnya bungkus satu bikin aman ya browniesnya prima mah enak ,5,pelayanan
ya primarasa seng lawan enak,5,rasa
barang terima kondisi hancur ujung terguncang2 kirim browniesnya enak kirim cepat,4,kualitas
uenak,5,rasa
mantab,5,rasa
mantab,5,rasa
barang sesuai deskripsienakk lezatsemoga sukses untung y bos,5,kualitas
kemas rapi aman tuju,5,pengiriman
expire nya pendek jangka 4 stlh brg ditrima,3,kualitas
tks tks tks,5,pelayanan
enakk,5,rasa
mantap,5,rasa
enak harga murah,5,rasa
,5,pelayanan
sen isi 10 kirim isi 5 chat slowwwwww response wa,5,pelayanan
enak,5,rasa
bakpia bagus enakpengirimaan recommended seller,5,kualitas
mantap jogja bekas cpet bgt nyampenya exp msh 4hr lg lgsg msukin kulkas,5,pengiriman
kirim cepat packing aman sukses toko nya yaa,5,pengiriman
recommended sellertepat kirim komunikatif seller packaging bagus,5,pelayanan
cepet bgt ngirimnyamantap,5,pengiriman
wueeenakkk tenannnnnuntuk kirim mulusss banget ga kendala ap2 seller langsung dm update foto produk babang gojek kangen bandung order dr cabang aja ,5,rasa
bolen kemas bubble wrap plastik selles komunikasi kirim pesan expired date 9 mei 2021,5,pelayanan
sdh tau bolen enaaak mksh sdh cepat krmnya,5,rasa
enak bangetttttttt fresh,5,rasa
seller fast respons komunikatif,5,pelayanan
yg 2 habis gak apa2 yg coklat mantap,5,rasa
gerak cepat pesan ga sampe 30 menit jemput kurir recommended services 5,5,pengiriman
kirim cepat sameday respon jual cepat enak banget makasih kak,5,pengiriman
kirim cepat seller cepet tanggap barang kualitas oke banget kirim instan mantap,5,pengiriman
respond cepat beli hehe,5,pelayanan
mantap,5,kualitas
produk sesuai deskripsi tanggap kirim cepat recommended,5,kualitas
enak,5,rasa
mantapp respon toko cepat expired nya,5,rasa
expired bulan lgi,5,kualitas
mantap lembut  lumer mulut,5,rasa
thank s pia legongnnya enak,5,rasa
kirim cepat peak seasonrasa moga enak kirim tuk hadiah,5,pengiriman
kue enak kirim cepat,5,rasa
packingan rapih kue enak,5,pelayanan
kirim nya cepat,5,pengiriman
lv is the best kue enak2 variasi trusted and recommended seller,5,rasa
respon packaging rapi,5,pelayanan
enak lapis legit,4,rasa
enakkkkk,5,rasa
packing bagus  enak,5,pelayanan
packingan aman,5,pelayanan
enak lembut,5,rasa
terluv gula kelapa enak banget kacau si enak order recommended banget,5,rasa
enak banget gemblong ketan lembut gula medok,5,rasa
gemblong enak recommended seller kirim cepat,5,rasa
enak pake banget,5,rasa
enak bgt sih ketan jg empuk,5,rasa
good product good delivery,5,kualitas
endul bgt,5,rasa
enak,5,rasa
kulit choipannya yg hancur lengket,2,kualitas
enak sambelnya ngeklop bgt tp mgkn pas ambil ati2 krn kulit tipis overall ok smua,5,rasa
choi pan langgan beli ber kali2 muas enak puas ,5,rasa
mantabsudah langgan,5,rasa
ehm choipan nya ya choipan nyabiasa ajaterus sambal nya beli nya 40 biji,3,rasa
enak,5,rasa
choipannya enak nyesel ordernyakurang kirim cepat,5,rasa
enakkkk cpt kirim thx,5,rasa
kualitas harga jangkau,4,kualitas
so delish,5,rasa
sukak,5,rasa
n packing ok,3,rasa
kemas cocok utk kirim same day isi tertekan2,3,pengiriman
enak atas ekspektasi beli utama vanilla rebut,5,rasa
soesnya enak repeat order,5,rasa
hmmm pikir mirip2 beard papa eh kue sus jadul gitu ok sih not bad but not to my liking suka light,4,rasa
tooopppp,5,rasa
mantab,5,rasa
vanilla enak kulitnyaoriginal enak dalem rum terasamatcha krim aroma jasmine greenteachoco eneg,5,rasa
min benyek kue nya gpp untung nya enak ,4,rasa
beli yg berapa kalisoalnya sen kirim and packing nya bagus bangetyg kirim gosendselalu puas,5,rasa
lumayan enak tp gak asa wismannya isi dikit,4,rasa
ok isi cm mgkn krn pinggir tipis2 jd krg moist lbh suka lapis sby nya,4,rasa
enak super,5,rasa
layan bagus responsif cpt proses kirim jg bagus packingngya klo kualitas krn ga tau lapis legit yg enak gmn ya mnurut enak emang overprice ya pinggir dikit bgt mending beli lapis monica alfamart ,4,pelayanan
enak bgt lembutnext order ,5,rasa
lumayankue nya pda nempelirisan nya tips bangat,5,rasa
responnya cepat,5,pelayanan
cake nya udah gosong paking ngasal,1,kualitas
good,5,rasa
kirim cepat packing lumayan pinggir kuesedikit gosong pahitsaya temu beli 3 gratis1yg terima 3tp overall good,4,pengiriman
takdir beli kue zonk beli baca review kirim gambar produk yg kirim beda kue minyak gak enak maafin ya tp selamat org kecewa yg rasa,1,pelayanan
he hee enak,5,rasa
enak jgn harap gambar yg penuh ya he he he,5,kualitas
bau yg an h,3,kualitas
nggak enak parah sekalimau makan nya takutparaaahhhh,1,rasa
ga sesuai gambar standar banget,1,kualitas
enak kirim cepat  langsung habis ama anak2,5,rasa
nya loh ngangeninmantab,5,rasa
enak sihh sblmnya udh sen yg mahal tk sblh trus penasaran tokped yg jual mooncake yg hrgnya jangkau review bagus jd sengaja beli lg compare jg ga kalah lohkata seller bestsellernya varian pandan kc merah jd beli yg varian pandan kc merah kc item telur asin durian telur asin plg doyan yg kc item durian kulit jg lmyn tipis jd isi lbh asa kirim jg cpt sen malem bsk sore udh kirim jd neng deh nemu mooncake yg hrg jangkau kalo kpn2 ken bs beli lg nyoba yg varian,5,rasa
enak bgt,5,rasa
mooncake-nya enak nggak eneg mooncake,5,rasa
hancur ya dtg nya cemet tp ok bgt rwcomended seller,5,kualitas
kirim cepat kualitas produk muas pesan kali,5,pengiriman
enak bangeet puas layan terima kasih kuenyaa,5,rasa
enak ,5,rasa
mooncake enak parah sih good service bgt bungkus nya jg bener2 aman kirim jawa barat recommended,5,rasa
enak banget,5,rasa
enak bingiiitsss,5,rasa
enak bgt,5,rasa
enaakkk kirim cepet,5,rasa
pesan cepatrasa enak kwalitas stabilmurah hati kasih sambelnya 2 plastik,5,pengiriman
udah enak titik no debat bengkoang ya,5,rasa
puasss sklenak coipannya sambelnya kasih banyakinisdh kali 3 pesan sm toko,5,rasa
enakk,5,rasa
maknyooossssse,5,rasa
mantap,5,rasa
