Review,Rating,Aspek,Sentiment
enak  segar,5,rasa,POSITIF
maknyus,5,rasa,POSITIF
dari berat 500 gram yg remuk 59 gramentah dari awal packing atau expedisiuntuk masuk aja tlg ada item dos packing jadi barang tetap aman jika kirim jarak jauh,4,pengiriman,POSITIF
enak banget fresh dan renyah,5,rasa,POSITIF
top recommended jadi langgan terus,5,kualitas,POSITIF
barang sesuai deskripsi rasa enak packing ok tebel dan kirim cepat thanks,5,pelayanan,POSITIF
murah enak fast respon,5,pelayanan,POSITIF
puas,5,pelayanan,POSITIF
barang sesuai minta bagus bungkus nya terima dg baik,5,pelayanan,POSITIF
enak kuaci,5,rasa,POSITIF
mantap,5,kualitas,POSITIF
kirim cepat packing bagus sesuai pesan belum di coba terima kasih,5,pelayanan,POSITIF
emas luar biasa baik untuk rasa turut saya lebih dominan ke rasa original atw rasa asli kuaci mau varian rasa apa soal rasa kurang dominan dan kurang sedikit rasa asin juga yang agak rasa itu varian rasa rumput laut untuk yang lain nya turut saya kurang dominasi rasa lebih ke original sih,4,pelayanan,POSITIF
puas banget,5,pelayanan,POSITIF
terimakasih min ,5,pelayanan,POSITIF
udah order untuk sekian kali jos,5,rasa,POSITIF
good,5,pelayanan,POSITIF
enaak dan guriih kacang,5,rasa,POSITIF
respon cepatharga jangkau,5,pelayanan,POSITIF
mantappppp recommended emping enakkkkk,5,rasa,POSITIF
mantapppp puas kali gurih bnget entr mau pesan lg suka,5,rasa,POSITIF
kondisi baikkurir baikmdh2an enakterimakasih,5,pelayanan,POSITIF
rekomended,5,kualitas,POSITIF
enak gurih dan renyah,5,rasa,POSITIF
kirim cepat packing rapi kurir baik next order lg trm ksh seller dan tokopedia,5,pengiriman,POSITIF
tumben rada asin sedikit dr biasa hehe,4,rasa,POSITIF
lagi ken banget makan keripik yg pedes aaaa kirim juga cepet rasa enak pol buat dijadiin snack makasihh,5,pelayanan,POSITIF
sen ini mulu pedesnya naujubillah tapi nagih walopun bikin mencret dan bikin kapok temen yg sok sok nyoba,5,rasa,POSITIF
mantap,5,kualitas,POSITIF
keripik nya sudah sampe semua komplit enak dan langgan sejati  succes keripik riki,5,rasa,POSITIF
pedes mantap,5,rasa,POSITIF
sudah jamin pedas dan gurih,5,rasa,POSITIF
pedesnya pas cuma gak asa singkong nyasaran aja kalau beli 5 bungkus ada bonus biar makin lariss,5,rasa,POSITIF
mantul selalu beli yang ini meski panas perut ge,5,rasa,POSITIF
enak pedes bgt asin dan gurih pas kirim juga aman,5,rasa,POSITIF
baso aci serius enak banget tekstur baso kaca khad garut banget isi ayam juga enak,5,rasa,POSITIF
terima kasih barang sudah sampai,3,pengiriman,NETRAL
enak bgt beneran nagih kuah nya pedes pokok manteppppp,5,rasa,POSITIF
cepat sampai,5,pengiriman,POSITIF
mantapp kualitass  rasa lumayan kirim cepatt terimakasii toko nyaaaa,4,pelayanan,POSITIF
barang sudah sampai  barang sampai dalam ada baik,4,pengiriman,POSITIF
baso aci enak cuma isi ayam gak rasa kecil banget sih tapi untuk porsi banyak banget,4,rasa,POSITIF
kirim sangat cepat baru pesan kemarin 22 04 hari ini sudah sampai produk sampai dengan selamat ga ada kurang dan ga ada rusak,5,pengiriman,POSITIF
kirim sangat cepat barang premium d,5,pengiriman,POSITIF
alhamdulillah barang sudah sampai mantaps kali rasa pedas,5,pelayanan,POSITIF
mantapp,5,kualitas,POSITIF
mantap bgt pedesnya gak pelit bumbu puas bgt belanja sini,5,rasa,POSITIF
kangen rasa  bayar ,5,rasa,POSITIF
saya beli dari pagi pagi sekali kirim nya malam hari luar biasa patut dapat bintang 1,1,pengiriman,NEGATIF
kacang telur garing dan enak respon seller cepat kl bisa packing bungkus bubble wrap biar makin aman,5,rasa,POSITIF
kacang telur medan datang sesuai order rasa kacang enak fresh crispy seller responsif packing aman pake bubble wrap kirim cepat recommended seller,5,pelayanan,POSITIF
enaaaakkrenyah ,5,rasa,POSITIF
terimakasih barang sudah sampai dan sesuai dengan ekspektasi ,5,pelayanan,POSITIF
ok terima kasih ya,5,pelayanan,POSITIF
barang sampai dg baik,5,pengiriman,POSITIF
kacang enak mantap,5,rasa,POSITIF
produk packing kirim sip semua  ueennaakkk kacang,5,pelayanan,POSITIF
gercep bgt sellernya thank you yah,5,pengiriman,POSITIF
mantap renyah next order lagi ,5,rasa,POSITIF
pesan cepat proses packing rapi  produk bagus sesuai deskripsi,5,pengiriman,POSITIF
mantap packingan rapi barang sua deskripsi dan enak cepat sampai lagiseler responsif pokok rekomended seller,5,pelayanan,POSITIF
rencana buat lebaran nyata nggak nyampe lebaran udh habis ter makan,5,rasa,POSITIF
packaging perlu baik,4,pengiriman,POSITIF
mantap,5,kualitas,POSITIF
biasa aja rasa tapi jual baik ramah moga berkah ya,4,rasa,POSITIF
proses cepatorder jam 1630 langsung kirim dan sampai dalam waktu 1 jamtq seller,5,pengiriman,POSITIF
mantap,5,kualitas,POSITIF
aman semua,5,pelayanan,POSITIF
sukaaaa,5,rasa,POSITIF
untuk rasa enak dan harga jangkau tapi kirim kurang bagus soal nyasar,4,rasa,POSITIF
pake sameday jadi cepat sellernya ramah produk oke sesuai lengkap good seller,5,pelayanan,POSITIF
baso aci nya enak tapi sayang admin nya kurang responsif huhuu maaf ya,4,rasa,POSITIF
cuankie nya alot ga garing yah lumayan rasa,4,rasa,POSITIF
ok,3,kualitas,NETRAL
mantap,5,kualitas,POSITIF
segel rusak karena packing tipis sekali,1,pengiriman,NEGATIF
enak lah pokok,5,rasa,POSITIF
barang terima dgn baik dan cepat terimakasih,5,pengiriman,POSITIF
mantap barang sesuai pesan,5,pengiriman,POSITIF
rasa belum tau karena sampai pagi dan masih puasa tapi proteksi perlu acung jempol moga original bukan kw,5,pengiriman,POSITIF
mantab gan,5,kualitas,POSITIF
barang aslijdi beli dsini ajah gx usah jauhw kemalangthanks seller,5,kualitas,POSITIF
seller ramah dan baikpackaging rapi aman pakai bubble wraprecommended seller ,5,pelayanan,POSITIF
sesuai dengan pesan terimakasih,5,pelayanan,POSITIF
kripiknya bungkus bubble satu satu d dimskkan dus donkthanks seller,5,pelayanan,POSITIF
packing aman pake wrap seller fast response mantap betul,5,pengiriman,POSITIF
sekarang keripik tebal2 dan lebih keras jadi butuh tenaga ekstra untuk gigit beda sama yg dulubtw packingannya super rapi masing2 item bungkus dengan bubble recommended seller ,3,rasa,NETRAL
produk bagus  fast respon  terima kasih,5,kualitas,POSITIF
enak,5,rasa,POSITIF
enak kacang empuk lumayan oke juga dengan harga yang masih jangkau,5,rasa,POSITIF
agak melempem ya,4,kualitas,POSITIF
cepat sampai rasa enak muas,5,pelayanan,POSITIF
enak packaging juga rapih terima kasih,5,rasa,POSITIF
rasa enak ga tengik,5,rasa,POSITIF
ada yg gosongnyaa,4,kualitas,POSITIF
enak mede nyaaa,5,rasa,POSITIF
repeay order sekian kali kardus basah kena hujan untung kacang bungkus dgn bubble wrap,5,pengiriman,POSITIF
mudah2an enkharus cepat pengirimanya,4,pengiriman,POSITIF
suka anak2,5,rasa,POSITIF
maaf ya barang tidak terima,3,pelayanan,NETRAL
good,5,pelayanan,POSITIF
mantapppp  sesuai deskripsi ,5,kualitas,POSITIF
nyata rasa jagung bakar sama nori kurang klop rasa unik,3,rasa,NETRAL
rasa enak kirim cepat sayang pas mau goreng patah2 ikan pdhl sdh dari frezer,4,kualitas,POSITIF
packing dengan bubble  dus sangat rapi sehingga kondisi bandeng aman moga tidak terlalu asin cukup pake free ongkir bisa loseller responsif,5,pelayanan,POSITIF
rekomended pokok,5,kualitas,POSITIF
mantap rekomended,5,kualitas,POSITIF
mantap layan dan produk recommended banget,5,pelayanan,POSITIF
delivery on time bandeng nikmat sesuai deskripsi,5,pelayanan,POSITIF
layan ramah packingnya sip deliverynya prima produk top untuk harga yg jangkau recommended banget yang mau coba jangan ragu betul lho,5,pelayanan,POSITIF
packing baguscepat sampaiini ukasih orgsukses yaa,5,pengiriman,POSITIF
repeat orderke sekian kalienakkcocokk,5,rasa,POSITIF
ownernya ramah dan baik responya cepat packagingnya super duper rapih barang good quality bakal repeat order lagi sukses selalu mbak cantik,5,pelayanan,POSITIF
lumayan enak tp terlalu mahal tidak banding dg harga,3,rasa,NETRAL
ownernya ramah packaging ok bakal repeat order thankyou,5,pelayanan,POSITIF
ownernya ramah responya cepat packaging dan kirim ok thankyou amut utk servicenya bakal repeat order,5,pelayanan,POSITIF
seller ramah responsif sangat bantu jadi komunikasi nya enak packing rapi dan kirim cepat repeat order sih ini ,5,pelayanan,POSITIF
paket sampai siang hr yg kirim kata suka terima kasih ya,5,pengiriman,POSITIF
fast respond jual ramah delivery on time thanks,5,pelayanan,POSITIF
puas banget makasih,5,pelayanan,POSITIF
enak sekali pemjual sangat responsif dan ramah sangat bantu kirim cepat akan pesan lagi sih pasti,5,rasa,POSITIF
nasi jeruk enakayamnya jugapengiriman cepat,5,rasa,POSITIF
repeat order yang sekian kali layan dan respon toko selalu baik kualitas makan dan rasa selalu baik recommended ,5,pelayanan,POSITIF
best paling enak banding produk jenis ngga eneg,5,rasa,POSITIF
di deskripsi full baked aman utk bumil dan udh ksh notes juga utk dipastiin mateng krna lg hamil nyata salmon msh mentah  bismillah moga gapapa lain kali tolong dipastiin aja kalo udh mateng,2,kualitas,NEGATIF
salmon dan saus mentainya limpah ruah suka kalo lg ke jakarta pasti pesan ini tapi ntah kenapa kali ini rasa aga asin,5,rasa,POSITIF
mantap,5,kualitas,POSITIF
sdh terima blm dimkn,5,pengiriman,POSITIF
enakkkk ,5,rasa,POSITIF
enak pesan tadi siang jam 1 sampai jakarta barat jam tengah 6 sore masih hangat tapi saya hangat lagi di microwave makin enak tidak asin suka,5,rasa,POSITIF
enak kimcinya pas rasa tdk terlalu pedas,5,rasa,POSITIF
enakasam nya pas,5,rasa,POSITIF
enak pas rasa nya samwon resto memang kenal tempat makan para expat korean di jktseller responsif sangat bantu ttg produk,5,rasa,POSITIF
gmna ya ini kali dua beli kamren beli yang 1kg baik2 aja ini beli yang stgh kg malah plastik vakum nya bocor sedih sih jadi air kimchinya ga ada padahal mau di bikin kimchi jiggae,4,pengiriman,POSITIF
enak bangattt,5,rasa,POSITIF
mantabs,5,kualitas,POSITIF
fresh kimchinya,5,kualitas,POSITIF
pesan sesuai enak kirim cepat,5,pelayanan,POSITIF
rasa kayak ada pait paitnya,5,rasa,POSITIF
unt rasa krg pedes dikit dan asemnya dikrgi dkt itu turut sy,5,rasa,POSITIF
barang puas,5,pelayanan,POSITIF
seng belanja dsiniprofesional bgt,5,pelayanan,POSITIF
mantap,5,kualitas,POSITIF
oke,5,pelayanan,POSITIF
selalu langgan jadi kalo kangen lumpia asli semarang langsung order sini karena posisi pun di jakarta kualitas sangat jaga respon cepat dan tepat terima kasih banyak ya,5,kualitas,POSITIF
sudah repeat order yg sekian dan alhamdulillah selalu puas seller jg ramah dan komunikatif tks ya sukses trs,5,pelayanan,POSITIF
beli sekian ,5,rasa,POSITIF
rasa enak banget,5,rasa,POSITIF
sudah beberapa kali pesan rasa selalu enak dan sesuai harga,5,rasa,POSITIF
moga kualitas selalu baik,4,kualitas,POSITIF
pernah order di gojek dan di tokped belum pernah kecewa sama produk,5,kualitas,POSITIF
repeat order lumpia nya enak cocok dan delivery cepat admin nya ramah,5,pelayanan,POSITIF
obat rasa kangen lumpia semarang josh gandhosss,5,rasa,POSITIF
tunggu buka puasa baru coba ya kirim super cepet mantul bgt,5,pengiriman,POSITIF
agak masam y ngk kyk biasa ny,3,rasa,NETRAL
barang oke packing rapih jual responsif,5,pelayanan,POSITIF
sekian kali order sini tetap mantap,5,rasa,POSITIF
enak tapi utk rasa perlu tingkat,4,rasa,POSITIF
not bad ada pahit pahit,4,rasa,POSITIF
enakk euyy,5,rasa,POSITIF
mantap seperti biasa lah,5,rasa,POSITIF
enak semua suka,5,rasa,POSITIF
enakkkkk  nanti kalau udah habis order lagi ah,5,rasa,POSITIF
rasa pas,5,rasa,POSITIF
dah sering beli wkwkwkuntuk bikin kimchee jigae dan gado yummmm,5,rasa,POSITIF
kimchi nya enak,5,rasa,POSITIF
sudah langgan,5,pelayanan,POSITIF
rasa sesuai kirim cepat,5,pelayanan,POSITIF
sy sangt puas dg psanan kimchi nya  sangt enak  mantap kemas bagus rapi dn dtg tepat wkt kurir nya sopan,5,pelayanan,POSITIF
packing rapih produk ok,5,pelayanan,POSITIF
barang sdh terima terima kasih,5,pengiriman,POSITIF
kirim tepat waktu,5,pengiriman,POSITIF
ayam afrika-nya enak juicy seperti yang iklan terus yg suka potong besar2 dan semua dapat potong paha baik paha atas atau paha utuh yg besar itu anak sy yg masih balita pun suka jadi nagih terima kasih dan sukses selalu yaa ,5,rasa,POSITIF
ntah udah sen ini berapa kali ketagihaaannn enak bgttttt sihhh,5,rasa,POSITIF
daging lebut dan bumbu asa yummy,5,rasa,POSITIF
ayam enaaak empuk dan bumbu resap banget potong besar besar dan saosnya generous banget tambah pisang manis untuk dessert awal kira pisang untuk karbohidrat ganti nasi nyata bukan hehehe packagingnya juga cantik aku beli family pack dapat tempat dari melanin jadi bisa pakai lagi neng deh jadi ga buang sampah plastik terima kasih ya paris di jakarta,5,rasa,POSITIF
cepet jg kirim malam pesan besok sore udh smp jd bs buat buka puasa ayam besar sekali sambelnya mantap,4,pelayanan,POSITIF
ayam empuk wangi dan saus enak bamget utama yg saus ijo,5,rasa,POSITIF
packaging bagus rasa enak tp warna kartu ucap terlalu gelap jadi tidak lihat kalau tulis bahan kertas kartu ucap jg sulit tulis tp overall bagus kok,4,pelayanan,POSITIF
brownies nya enakkk bgt lembut chewy asa dark chocolate jg jd ga cm manis doang paling suka yg kismis packing aman sentosa dan lucu bgt design nya ada beruang dan pantat wkwkwkterima kasih bearly baker so sorry bawel di chat wkwkwk,5,rasa,POSITIF
karena ini buat temen aku jadi ga punya foto alhamdulillah temen aku suka,5,rasa,POSITIF
super yummy,5,rasa,POSITIF
cepet banget kirim kemarin maghrib baru sen terus pagi ini udah sampai padahal sen lumayan banyak hehehe terima kasih bearlybaker,5,pengiriman,POSITIF
dari dulu sukaa best in town,5,kualitas,POSITIF
respon seller cepat kirim juga cepat thanks,5,pelayanan,POSITIF
browniesnya enak  respon seller cepat cuma kayak kartu lupa tulis to  from nya padahal sudah tulis jg catat hehe,5,rasa,POSITIF
pesan yg varian 20pcs tp cuma kirim 10pcs,1,pelayanan,NEGATIF
order bareng produk lain jadi 3 box di kemas dalam paper bag alhamdulillah aman saat terima rasa juara banget sea saltnya bikin sensasi yang akhir yang asik bgt,5,rasa,POSITIF
paling favorit,5,rasa,POSITIF
enak tp turut saya terlalu manis masih lebih enak the diva,5,rasa,POSITIF
enaaak keponakan saya suka bgt saya sampe ga bagi hehehe,5,rasa,POSITIF
sampai cepet uga,5,pengiriman,POSITIF
mantep dan bagus layan  cookies nya jg enaaakkk,5,pelayanan,POSITIF
ga ada obat,5,rasa,POSITIF
enaaakkk,5,rasa,POSITIF
maaf baru kasih ulas karena baru coba buat makan sahur ayam enak bumbu resap anak ku suka kirim cepat packing rapi thanks ya,5,pelayanan,POSITIF
suka makan dr toko ini enakrasa rumahanmoga2 nambah terus menu2nya,5,rasa,POSITIF
selalu mantap ,5,kualitas,POSITIF
ini order dua kali top markotop enak bumbu resap ke daging  ayam juga pas lunak  recommended,5,rasa,POSITIF
enak terima kasih,5,rasa,POSITIF
sudah sering belanja di sini  selalu puasmasakannya enak semuapacking juga sangat rapihpengiriman cepatsukses terus yaterima kasih utk bonus,5,pelayanan,POSITIF
suka masakan d toko inimasakannya enakcocok ama selera kita,5,rasa,POSITIF
selalu puasmohon tahan ya,5,kualitas,POSITIF
ayam goreng enak tapi bumbu serundeng laos krg byk,5,rasa,POSITIF
2nd purchase,5,rasa,POSITIF
enak kering kentang nya fresh sip deh pokok,5,rasa,POSITIF
kemas pecah,4,kualitas,POSITIF
barang sdh sampai dg baik,5,pengiriman,POSITIF
cepat bersih protekted,5,pengiriman,POSITIF
rasa lmyn manis2 gt tp kentang lmyn garing n gurih thanks seller,5,rasa,POSITIF
emas baik kirim cepat tahana yaa,5,pengiriman,POSITIF
untuk rasa makan sudah oke enakmungkin khusus packing msh perlu lbh perhati ya td saya buka paket nya wadah tempat kripiknya hancur bagi atas dan bawah,5,rasa,POSITIF
kirim lumayan cepat utk sampai kota medan packing baik kualitas baik recommended seller terimakasih,5,pelayanan,POSITIF
pesan cpt sampai emas rapi mudah2an rasa enak,5,pengiriman,POSITIF
sip sesuai,5,kualitas,POSITIF
mantapud belanja dsni 2 x ,5,kualitas,POSITIF
kirim cepaaatsatu hari sampai pagi 2 sekalikualitas produk enaakmasih baru,5,pengiriman,POSITIF
mantap,5,kualitas,POSITIF
enak rasa nya emas rapi,5,rasa,POSITIF
enak,5,rasa,POSITIF
brg sesuai deskripsithx gan,5,pelayanan,POSITIF
lebih enak lgi kl ada rasa pedas,4,rasa,POSITIF
kimchinya enak segarcocok buat damping makan ,5,rasa,POSITIF
puas belanja di sini kirim cepat,5,pengiriman,POSITIF
packaging rapih dan barang sesuai hanya saja kirim lumayan lama padahal lokasi dekat next moga bisa baik ,5,pengiriman,POSITIF
seller responsif kimchi original benar2 kecutttt bangetttt,5,rasa,POSITIF
yang tipe asam kecut tidak manis keluarga ada yg abet di rumah jadi cocok terima kasih,5,rasa,POSITIF
wenak tenan,5,rasa,POSITIF
kirim cepat sekali pesan siang kirim besok pagi dan sampai tuju sore ,5,pengiriman,POSITIF
sayang kemas kimchinya letus karena tekan gas nya saat kirim yg satu lg sdh siap letus untung keburu sampai duluan jd basah semua packaging bagi dalam,4,pengiriman,POSITIF
the best kimchi rasa enakkk ori nya enak yang manis juga enak pingin cobain yang pedas hihihiii mantul,5,rasa,POSITIF
seller ramah fast respon packing rapi kualitas produk baik kirim cepat,5,pelayanan,POSITIF
terima kasih barang telah kami terima dengan kondisi bagus,5,pelayanan,POSITIF
enakkk rasa,5,rasa,POSITIF
kirim cepat rasa enak ,5,pelayanan,POSITIF
recommended ,5,rasa,POSITIF
enak rasa kirim cepat terimakasih seller,5,pelayanan,POSITIF
respon baik proses dan kirim cepat,5,pelayanan,POSITIF
enak kering kentang nya fresh sip deh pokok,5,rasa,POSITIF
kemas pecah,4,pengiriman,POSITIF
barang sdh sampai dg baik,5,pengiriman,POSITIF
cepat bersih protekted,5,pengiriman,POSITIF
rasa lmyn manis2 gt tp kentang lmyn garing n gurih thanks seller,5,rasa,POSITIF
emas baik kirim cepat tahana yaa,5,pengiriman,POSITIF
untuk rasa makan sudah oke enakmungkin khusus packing msh perlu lbh perhati ya td saya buka paket nya wadah tempat kripiknya hancur bagi atas dan bawah,5,rasa,POSITIF
kirim lumayan cepat utk sampai kota medan packing baik kualitas baik recommended seller terimakasih,5,pelayanan,POSITIF
packaging aman barang lengkap kemas bagus kirim juga cepat nanti order lagi yaa,5,pelayanan,POSITIF
puas dengan packingan aman tapi sayang sekali sangat kecewa dengan kerja sama ekspedisi anter aja dengan tokopedia saya guna jasa anter aja next day pesan dari tanggal 24 di track ktnya tggl 25 jam 8 pagi sudah tuju antar ke buyer tapi apapaket baru sampai tanggal 27 itu dari tanggal 25 saya telfon cs anter aja dan responnya hanya saya bantu lapor ya kak oke ditgg tanggal 26 dan belum dtg jg saya telfon lagi ke cs nya dan hanya ucap ucap yg sama tanggal 27 pagi saya telfon lagi dgn ada maki krn sy pesawat saya balik ke makassar itu siang tuju sore saya telfon cs 3 kali dengan komplain yg sama akhir jam 11 paket baru datang tidak puas dengan ekspedisi anter aja beli guna jasa next day karena ada yg trburu,4,pengiriman,POSITIF
mantab,5,kualitas,POSITIF
kemas baik trims,5,pengiriman,POSITIF
uenak tenan ,5,rasa,POSITIF
makasih banyak seller,5,pelayanan,POSITIF
mantap emas dan kirim cepet terimakasih sellee dan shopee,5,pelayanan,POSITIF
biar bintang yg bicara pokok mantap deh,5,pelayanan,POSITIF
enak banget paling enak yang rasa green tea recommend banget,5,rasa,POSITIF
rasa oke packaging agak bocor,4,rasa,POSITIF
enak mantap,5,rasa,POSITIF
surprisingly enak banget kimchinya ngga pedas dan asemnya juga pas lengkap isi yummy,5,rasa,POSITIF
enak kimchinya rasa asem pedesnya sopan ndak lebih seger cocok sama lidah lokal juga ndak ada rasa pahit sperti kimchi kemas di swalayan kebanyakankemasan bagus box plastik pecah mungkin salah di ekspedisi dalam handle paket tapi ndak masalah kok kimchinya aman ndak tumpahoverall oke puas blanjanya seller juga juga ramah produk enak sukses lapak juragan mimin,5,rasa,POSITIF
cepet banget ngirimnya order malam pagi udah datang rasa juga enakm pedesnya pas ga asem juga ending ga pahit suka bisa buat campur masakan atau camil,5,rasa,POSITIF
kirim cepat kimchi nya pun enak makas sisss ,5,rasa,POSITIF
enak recommendedkwalitas bagus,4,rasa,POSITIF
good sudah langgan,5,kualitas,POSITIF
the package was proper wrapped and the taste was really good i will order it again for sure,5,rasa,POSITIF
karena udah nama ngga pernah kecewa toko sangat jaga layan yah luar biasa,5,pelayanan,POSITIF
cepat sampai paking rapi cm satu teri kurang segar ya,5,kualitas,POSITIF
kirim lmaa,3,pengiriman,NETRAL
kirim cepat sesuai pesan recommended seller,5,pelayanan,POSITIF
jika kirim lebih cepat akan sangat muas ,5,pengiriman,POSITIF
barang yang terima sesuai pesan,5,pelayanan,POSITIF
makasssssiiihhhh enak abiz ini teri brasa oven ndak eneg minyak mantab dah ,4,rasa,POSITIF
suka anak lanang selalu beli sini deh,5,rasa,POSITIF
beli ke 3 kali ,5,kualitas,POSITIF
beli ke 2 sini enak bangettt,5,rasa,POSITIF
like usual special bu rudy ,5,rasa,POSITIF
barang yang terima sesuai pesan,5,pelayanan,POSITIF
teri nya ga melempem walau udah minggu kurang pedas dikit,5,kualitas,POSITIF
barang terima sesuai pesan,5,pelayanan,POSITIF
produk sesuai dan kirim lumayan cepat dan rapi,5,pelayanan,POSITIF
enak sesuai pesan,5,rasa,POSITIF
packing sangat bagus sampai di tuju dengan baik teri gurih enak bener,5,pelayanan,POSITIF
kurir nya ramah barang cepat sampai tetapi barang nya tidak sesuai dengan pesan yg saya pesan warna biru yang kirim warna pink,1,pelayanan,NEGATIF
emas aman kirim cepat bandeng tetap fresh,5,pelayanan,POSITIF
barang cepat dan enak,5,pelayanan,POSITIF
response seller baik dan proses delivery cepat pesan sudah terima dalam kondisi baik sesuai order,5,pelayanan,POSITIF
overall ikan enak manis gurih pedas pas ketika buka sedikit lendir mungkin karena panas dan lama waktu dikirimpengiriman agak lama 1 minggu karena ada jadi styrofoam rusak,5,kualitas,POSITIF
rasa mantul jual ramah fast respon,5,pelayanan,POSITIF
mantul sesuai pesananthanks ya gan,5,rasa,POSITIF
respon chat  packing baik terima kasih,5,pelayanan,POSITIF
sesuai deskripsi lapak super responsif dan profesional,5,pelayanan,POSITIF
beresssss cepat mantap dendeng nya tebal tapi empukmantaaaaaapppp,5,rasa,POSITIF
packing selalu rapi kirim juga cepat sdh bbrp kali beli enakkkkkkkterimakasih banyak pakgbu,5,pelayanan,POSITIF
mantap cepat  thank u,5,pengiriman,POSITIF
terimakasih banyak enakkkkkkkpacking rapipengiriman cepatsdh beli sekian kalinyatuhan yesus memberkatiamin,5,rasa,POSITIF
enak buangettttt sipp deh pokoke,5,rasa,POSITIF
dendeng sapi nya sesuai dengan pesan,5,rasa,POSITIF
sangat puas sdh beli ke sekian kali packing sangat rapih sampai sangat cepat pokok mantul deh terima kasih banyak seller selamat natal tuhan yesus kati amin,5,pelayanan,POSITIF
packing sangat rapi kirim cepat dan rasa enak,5,pelayanan,POSITIF
sudah langgan enakkkkk packing rapih makasih banyak ya tuhan yesus kati sukses selalu,5,kualitas,POSITIF
expired nya lumayan cepet ya kas juli 2021 moga belum keburu apek rasa dan belum juli sudah habis soal anak kos jadi konsumsi sendiri,4,kualitas,POSITIF
cepat diprosesnyaterinya juga enak yg original tp lbh enak lg yg balado,5,rasa,POSITIF
cepat diprosesnyaterinya juga enak yg original tp lbh enak lg yg balado,5,rasa,POSITIF
mantap,5,kualitas,POSITIF
udah di kasih terang original dan rumput lauttp yg datang bbq,3,pelayanan,NETRAL
kurang sedap kurang rasa ikan nya,3,rasa,NETRAL
paket terima dg baiik favorit orgtua enak tdk asin jd teman mkn nasi trmksh kak,5,rasa,POSITIF
paket terima dg baiikk sellau pesan d sini krn senang orgtua trmksh ya kak sukses selalu dn tambah byk langgan nya,5,pelayanan,POSITIF
paket terima dg baik paking dg kardus rasa tdk asin orgtua sy cocok dn suka sdh 2x order sellernya jg ramah trmksh ya kak sukses selalu,5,pelayanan,POSITIF
enak baru dateng udah dicemil in,5,rasa,POSITIF
tidak ada yg buat sy suka barang kurang fresh lebih baik beli langsung di resto nya jadi bs liat fresh atau tidak,4,kualitas,POSITIF
agak terlalu kering ya tempe kemas ga ada label bu rudy seperti di gambar,4,pengiriman,POSITIF
kenapa proses lama ya apa tidak ready,1,pengiriman,NEGATIF
good product good seller,5,pelayanan,POSITIF
maaf aga keras yabumbunya krg brasa tks,3,rasa,NETRAL
kirim cepat packing rapi,5,pengiriman,POSITIF
sampenya cepet dan rapi bom dicobain,5,pengiriman,POSITIF
bau amis,2,rasa,NEGATIF
barang terima sesuai photo  pesan packing ckp rapi  aman cepat nyampe nya jg makasih seller,5,pelayanan,POSITIF
enak suka ikan,5,rasa,POSITIF
enakkkk,5,rasa,POSITIF
enak lain kali beli lagitrimakasih gan,5,rasa,POSITIF
cocok semuanyathx ya,5,pelayanan,POSITIF
rasa pas d lidah,5,rasa,POSITIF
favorite,5,rasa,POSITIF
cpt bgt sampe nya gaada 1 jam uda sampe suka bgt salad nyaa ,5,pelayanan,POSITIF
mantap enak banget langsung abis,5,rasa,POSITIF
enak saladnyacreamy kuahnyaseller ramahsampainya jg tepat waktuthx alot yaanak sy suka salad nya,5,rasa,POSITIF
suuuukkkkaaaaa,5,rasa,POSITIF
mantulll sekali  selalu langgan beli salad sini,5,rasa,POSITIF
akurattpatent service excellence rasa ciamik,5,pelayanan,POSITIF
enak banget nyesel cuma beli satu makasih ya kak sudah bikin salad buah enak,5,rasa,POSITIF
gk sempet foto dah keburu habis,5,rasa,POSITIF
mantulll rasa promonya sering sering juga ya meski gak promo pun tetep mantul karna enak itu,5,rasa,POSITIF
mantaaaappppp uwenaaakkk,5,rasa,POSITIF
pesan keju spesial yg kirim coklat keju,4,pelayanan,POSITIF
produk ok lain kali kalau serah barang ke kurir jangan terlalu malam karena sampai ke terima jadi molor 1 hari,4,pengiriman,POSITIF
alhamdulillahsampai tepat waktu sblm buka puasa mksh kartika sari,5,pengiriman,POSITIF
barang sampe hanya saja kirim agak lama rasa pun ya lumayan lah terimakasih,5,pelayanan,POSITIF
enak neh psg molennya packing rapi  thks yah,5,rasa,POSITIF
packingnya mantap sih,5,pelayanan,POSITIF
barang sudah terima sesuai pesan thanks,5,pelayanan,POSITIF
mantul,5,rasa,POSITIF
rasa enak karena beli langsung dari seller nya,5,rasa,POSITIF
pesan sampai tepat waktu makasih seller dan kurir sicepat ,5,pengiriman,POSITIF
favorite istri kirim buat hampers ramadhan suka semua,5,rasa,POSITIF
ya ampunnn enak pake bngettt sambel ny pun enakkkk,5,rasa,POSITIF
kirim cepat se-asia tenggara terima kasih,5,pengiriman,POSITIF
luar biasa,5,rasa,POSITIF
udh bbrp kali beli sini rasa sei nya enak bgt pasti order kali kali lagi nih,5,rasa,POSITIF
langsung di cobain enak mantapsambelnya jos,5,rasa,POSITIF
maha dahsyat wagyu memang beda kelas dengan sapi biasa,5,rasa,POSITIF
rasa enak banget ,5,rasa,POSITIF
nice perfectobarang d terima dengan sangat baikrespon cepat kirim cepat layan cepat dan ramahbuat agan2 yg lain pokok gak usah ragu deh dengan boss yg satu inidijamin memuaskanterima kasih dan sukses terus bossque,5,rasa,POSITIF
tq brg cpt nyampe dan enak,4,pelayanan,POSITIF
lumayan enak namun sayang nggak free ongkir kata bs next day namun 2 hari telah pesan baru sampai,4,rasa,POSITIF
alhamdulillah sampai tepat waktu belum buka puasa,5,pengiriman,POSITIF
puassssssssssssss kirim ke pacar krn pacar suka bangettt,5,rasa,POSITIF
mantap pisang,5,rasa,POSITIF
emas bagus hanya saya pesan jumat jd baru kirim senin karena sabtu libur jd baru sampai selasa malam,5,pengiriman,POSITIF
alhamdulillaah paket sdh datang terima kasih,5,pelayanan,POSITIF
rasa enak karena beli langsung dari sellernya,5,rasa,POSITIF
enak n segar,5,rasa,POSITIF
fresh dan tidak terlalu berat pas banget buat buka puasa,5,kualitas,POSITIF
respon cepat dan sesuai pesan,5,pelayanan,POSITIF
enak  suka saladnya makasih yaa,5,rasa,POSITIF
semua enk,5,rasa,POSITIF
enaknyaaa,5,rasa,POSITIF
enak bangeeeet mau lagi ,5,rasa,POSITIF
enak bgt fresh,5,rasa,POSITIF
puas bangettt rasa enak porsi bs buat 5 org lebih tampak bagus kereeen mantul bgtt ,5,rasa,POSITIF
ldr sm kluarga jd kirim tumpeng buat buka puasa alhamdulillah pd blg makan enak dan byk sambelny jg mantep thank you yaaa sukses slalu,5,rasa,POSITIF
enak dan tampil bagus  terimakazih,5,rasa,POSITIF
enaaak banget rasa cocok sama taste kita,5,rasa,POSITIF
bagus tumpeng lmyn byk utk porsi 5 org kirim jg ontime,5,pelayanan,POSITIF
puas porsi cukup rasa enak seller responsive kirim aman thank you,5,pelayanan,POSITIF
enaaaaak bgt n makasih dh bs ambil order dada bgt highly recommend,5,rasa,POSITIF
tumpeng nya enax bgtnext psn lgthx,5,rasa,POSITIF
masakan nya enakhiasan nya juga cantikharga juga sesuaigak salah pilih pesan nasi tumpeng di sini makasih ya kak berkah dan lancar trus amin,5,rasa,POSITIF
enak rasa walau porsi kecilpembeli baik respon ramahkurir ramah jg,5,rasa,POSITIF
alhamdulillah barang sudah sampai tks seller dan tokopediaseller nya korporatifgood,5,pengiriman,POSITIF
sesuai pesan proses cepat terima kasih,5,pelayanan,POSITIF
seller nya fast respon mantap,4,pelayanan,POSITIF
neng bgt belanja di toko ini sellernya ramah fast respon dan sangat bantu untuk nasi briyani nya enak bgt tidak usah ragu lagi rekomended pokok,5,pelayanan,POSITIF
sesuai pesananterima kasih,5,pelayanan,POSITIF
produk bagus sesuai harga,4,kualitas,POSITIF
produk sesuai etalase harga murah tapi sayang mungkin stok lama jadi ada kutunyasetelah masak rasa kurang kuatseller responnya bagus dan ramah ,4,kualitas,POSITIF
good kirim cepat recomended seller,5,pengiriman,POSITIF
nasi kuning cantik enak semua,5,rasa,POSITIF
mantap dan enak layan juga super cepat dan ramah recommened seller terima kasih,5,pelayanan,POSITIF
enak dan lezattt terima kasih,5,rasa,POSITIF
alam belanja online yang kesan sesuai dengan harap nasi tumpeng pas sama selera lauk pauk juga sama dengan order terima kasih atas srvis bintang 5 nya,5,pelayanan,POSITIF
nasi tumpeng sampai dengan selamat dan cepat semua enak banget terima kasih timm catering,5,pelayanan,POSITIF
layan cepat dan tepat asa tidak lagi belanja online deliverynya sesuai dengan jam acara untuk rasa mantap ludesdes,5,pelayanan,POSITIF
nasi tumpeng sudah terima dengan baik terima kasih,5,pelayanan,POSITIF
nasi tumpeng kualitas lauk komplit ayam goreng kuning sambal ati ampla perkedel urap sayur telur balado orek tempe sambal paling enakkk pas banget pedesnya,5,rasa,POSITIF
tata rapih dan tarik garnishnya kreatif ada bunga cabe dan tulis dari wortel untuk rasa enak wangi dan gurih rasa lauk pauk juga pas,5,rasa,POSITIF
layan cepat dan transparan selurah puas utama dengan nasi kuning legit dan wangi lauk juga komplit sesuai dengan order,5,rasa,POSITIF
nasi legit ayam goreng mantap cabe pedes sesuai dengan pesan terima kasih,5,rasa,POSITIF
nasi kuning mantap sesuai dengan harga laukpauknya lengkap dan sedap,5,rasa,POSITIF
sudah terima dengan baik terima kasih,5,pelayanan,POSITIF
kirim ontime rasa cocok dengan selera terima kasih,5,pelayanan,POSITIF
mantap rasa porsi sesuai dengan harga terima kasih,5,rasa,POSITIF
enak mantap respon ok next klo ada acara bs order recomended,4,pelayanan,POSITIF
nasi tumpeng terima dengan baik terima kasih,5,pelayanan,POSITIF
rasa dan kualiatas nya mantap atas ekpetasi porsi juga sesuai dengan harga term kasih,5,kualitas,POSITIF
jual respon cepat sesuai deskripsi recomeneddd terima kasih,5,pelayanan,POSITIF
manteb pollnasi kuning enak dan pulen banget urap juga tahan lama empal dan ayam goreng juga manteb sambal pedas dan enakresponnya manteb dan deliverynya pas banget sesuai dengan minta happy and recommended banget terima kasih blackstone,5,rasa,POSITIF
sudah 2 kali pesan di sini benar2 enak deh,5,rasa,POSITIF
enak walaupun ukur liat kecil tp bikin kenyang juga ,5,rasa,POSITIF
rasa enak banget semua lauk pauk enak nasi pulen dan wangikalo ada acara keluarga pasti akan pesan lagi sini,5,rasa,POSITIF
mantaappptepat waktu dan rekomended,5,pengiriman,POSITIF
nasi dan lauk enak hanya yang premium - pakai urap ga kuat sampe sore mgkn bs beri pilih sayur lain jika mau yg premiumdan hitung ongkirnya juga agak krg masuk akal awal saya tanya kirim ke sekolah ongkir 30rb lalu saya tny kiri ke rumah jadi 60rb pdhal rumah saya belah sama sekolahbuat masuk aja ke seller,4,kualitas,POSITIF
tumpeng mini nya enak recommended banget,5,rasa,POSITIF
nasi kuning cantik n enak lauk pun mantap,5,rasa,POSITIF
nasi nya tidak keras dan lauk enak2 untung order yg premium krn porsi kurang klo turut saya tapi overall puas dengan order ini terima kasih,5,rasa,POSITIF
porsi pas lauk banyak rasa sumpah enak aku pake ayam bakar dan rasa gurih enak bumbu nya asa banget bakal jd langgan ahh,5,rasa,POSITIF
tumpeng ok dan ada bonus pudingnyatks,5,rasa,POSITIF
trima kasih pesan sampai tuju dengan baik trima kasih beri bonus puding moga berkah,5,rasa,POSITIF
enak banget nasi kuning dan lauk2nya lalap fresh sellernya ramah order sore bsknya terima ,5,rasa,POSITIF
rasa muas harga murah kualitas luar biasaditambah ada bonus puding,5,kualitas,POSITIF
tumpeng nya ok utk rasa dan tampil tp sayang janji kirim jam 3 nyata sampai jam 430  pdhl jam kantor hanya sampai jam 4 terima jd hrs nunggu dulu gak bisa pulang utk makan spt ini tepat waktu sesuai minta itu penting jd hrs perhati,4,pengiriman,POSITIF
dengan harga segitu masakan ajip mantap masih anget pula poko ngak ada yg kurang puas bgt ud gitu dpt bonus lg puding khusus di bulan puasa makasih ya tunggu order berikunya,5,rasa,POSITIF
suka bgt sama tumpeng mini trs juga bonus pudingnyaa terimakasih yaa,5,rasa,POSITIF
masakan enak seller baik sayang datang ga ontime tapi gapapa masih aman mungkin untuk kirim lebih perhati lagi ,5,pelayanan,POSITIF
alhamdulillaah sesuai order kirim on-time menu mantabz apalagi rasa maknyooossrecommended dech,5,pelayanan,POSITIF
pertama kali sen tumpeng sini puas bgt dtg tepat waktu dan rasa enak bgt owner juga baik bgt sukses terus yaa,5,pelayanan,POSITIF
kirim cepatproduk sesuai deskripsi,5,pelayanan,POSITIF
ini sesuai kirim,5,pengiriman,POSITIF
wort it,5,pelayanan,POSITIF
produk datang sesuai pesan kemas dengan rapi kirim juga cepat respon seller cepat,5,pelayanan,POSITIF
g ada sayur bosyg lain ok,5,kualitas,POSITIF
terima kasih ayam afrika-nya da best seller juga responsif,5,rasa,POSITIF
kirim tepat waktu,5,pengiriman,POSITIF
ayam afrika-nya enak juicy seperti yang iklan terus yg suka potong besar2 dan semua dapat potong paha baik paha atas atau paha utuh yg besar itu anak sy yg masih balita pun suka jadi nagih terima kasih dan sukses selalu yaa ,5,rasa,POSITIF
ntah udah sen ini berapa kali ketagihaaannn enak bgttttt sihhh,5,rasa,POSITIF
daging lebut dan bumbu asa yummy,5,rasa,POSITIF
ayam enaaak empuk dan bumbu resap banget potong besar besar dan saosnya generous banget tambah pisang manis untuk dessert awal kira pisang untuk karbohidrat ganti nasi nyata bukan hehehe packagingnya juga cantik aku beli family pack dapat tempat dari melanin jadi bisa pakai lagi neng deh jadi ga buang sampah plastik terima kasih ya paris di jakarta,5,rasa,POSITIF
cepet jg kirim malam pesan besok sore udh smp jd bs buat buka puasa ayam besar sekali sambelnya mantap,4,pelayanan,POSITIF
ayam empuk wangi dan saus enak bamget utama yg saus ijo,5,rasa,POSITIF
barang cepat sampai,5,pengiriman,POSITIF
barang dr seller ok cuman ekspedisi dr free ongkir yaitu anteraja kecewa lama kalau sen hrs jauh2 hari dan tak usah harap cepat datang minggu baru nyampe itu estemasinya,5,pelayanan,POSITIF
produk sesuai deskripsi recommended seller,5,pelayanan,POSITIF
udah order ratus kayak wkkwkw harap dapat hadiah motor dari sellernya ,5,rasa,POSITIF
langgananan,5,rasa,POSITIF
sering order barang bagus layan cepat,5,pelayanan,POSITIF
cepat sampai dan isi oke,5,pengiriman,POSITIF
produk sesuai deskripsi recommended seller,5,pelayanan,POSITIF
ga ada tulis exp nya jadi bingung,4,kualitas,POSITIF
ikan bnyk yg gosong dan agak kotor ya,4,kualitas,POSITIF
mantap deh pokok beli sini ,5,pelayanan,POSITIF
rasa gurih seperti rasa ikan ,5,rasa,POSITIF
recommended deh pokok ,5,rasa,POSITIF
recommended seller pokok makasih ya  biar bintang yg bicara,5,rasa,POSITIF
rasa enak bgt tekstur masih terlalu keras utk anak usia 1 tahun,5,rasa,POSITIF
lumayan rasa,3,rasa,NETRAL
ketagihanenakkk,5,rasa,POSITIF
packing cepat aman rapi barang sampai dg selamat kualitas ok,5,pelayanan,POSITIF
kirim cepatproduk sesuai deskripsi,5,pengiriman,POSITIF
ini sesuai kirim,5,pengiriman,POSITIF
produk datang sesuai pesan kemas dengan rapi kirim juga cepat respon seller cepat,5,pelayanan,POSITIF
isi lengkap serta sesuai dengan harga yang tera dan seperti lihat enak moga ketika coba rasa bisa sesuai selera,5,pelayanan,POSITIF
sampai rumah basi,1,kualitas,NEGATIF
bandeng udah adem pantesan lendir pas buka,2,kualitas,NEGATIF
packingan oke praktis udh tinggal masak seller oke,5,pelayanan,POSITIF
cepat sampai  packing aman  isi sesuai  terima kasih,5,pelayanan,POSITIF
makan seh suka tapi sambelnya teenyata instant sambel terasi merk uleg dari finna dah gitu ekspedisi lama banget biasa saya belanja pagi sampai sore di esok hari,4,rasa,POSITIF
sesuai deskripsibelum dicobaintks,5,kualitas,POSITIF
pengirimanny cepet bgt thanks seller untuk rasa belum coba klo enak pasti beli lagi ,5,pengiriman,POSITIF
mantaap rasanyaa,5,rasa,POSITIF
layan dan kirim slalu cepat terima kasih,5,pelayanan,POSITIF
konsisten,5,rasa,POSITIF
cepet banget sampe nya thx udah fast response ya kangen sama makan satu ini semenjak pindah dr surabaya btw ini minyak nya abis tumpah2 dalam kirim sptnya next time di buat lebih rapet lagi packaging nya,5,pengiriman,POSITIF
packing rapi produk original mantabss,5,pelayanan,POSITIF
kurang suka rasany,5,rasa,POSITIF
enak bgt bos solusi darurat sahur,5,rasa,POSITIF
mantap cepat packing aman,5,pengiriman,POSITIF
emas aman rapi sampai sumatra dtrima dg baikrekomended,5,pengiriman,POSITIF
kirim cpt bgt mantapp,5,pengiriman,POSITIF
respon cepat rasa otaji paling enak ga banyak minyak,5,rasa,POSITIF
mantul,5,rasa,POSITIF
seperti pesanan2 belum selalu muas tq,5,rasa,POSITIF
paket sudah sampai cepet banget kemas sangat rapi dan imut karena kotak kecil moga rasa enak biar bisa sen lagi sukses buat toko ya,5,pelayanan,POSITIF
teri nya agak kurang gurih sedikit,5,rasa,POSITIF
enak sekalipada saat kirim hampir saja tdk terima namun tdk begitu lama kirim datang,5,rasa,POSITIF
teri kacang balado udah terima dg baik,4,kualitas,POSITIF
enak rasa manis pedas teri dibanyakin lagi dong,5,rasa,POSITIF
sudah sampai sesuai pesan moga2 gak terlalu pedas,5,pengiriman,POSITIF
terimakasih seller fast responnya,5,pelayanan,POSITIF
jujur tadi gamau ngasih bintang jelek belum kirim ga bilang kalo barang kosong tiba2 sampe kasih tulis bakso cuanki kosong oke sy makluminterus admin bilang bakal kirim jumat oke sy tunggu udah minggu ga ada kabar saya tanyain terus mau kirim esok hari eh bener aja sampe hari ini ga kirim bener saya udah bilang bakso cuanki nya ambil aja mba makan aja,1,pelayanan,NEGATIF
barang pesan sudah sampai dan terima dalam bungkus rapi sesuai pesan terima kasih,5,pelayanan,POSITIF
agak lama sih ngirimnya,4,pengiriman,POSITIF
terima kasih pesan sudah di terima,5,pengiriman,POSITIF
enakkknamanya juga po jd lama,5,rasa,POSITIF
rasa b aja masih di bawah rasa bakso cuangki juara lebak bulus,3,rasa,NETRAL
respon jual cepat harga pas packing aman dan rapih rasa cuankie juga enak,5,pelayanan,POSITIF
enak,5,rasa,POSITIF
respon cepat kirim cepat lebih biar bintang yg berbicaratq bosque,5,pelayanan,POSITIF
enk bakso layan nya mantul n sdh belanja yg ke 3 x tinggal nunggu bns tmbhan ni klk belanja lgwkwkwkw,5,rasa,POSITIF
sudah sering order layan kirim dan produk baik,5,pelayanan,POSITIF
it s all good keep up the good job,5,pelayanan,POSITIF
enak,5,rasa,POSITIF
rasa enak ,5,rasa,POSITIF
product sesuai packing dan kirim baik,5,pelayanan,POSITIF
sudah langgan sudah tau kwalitas ,5,kualitas,POSITIF
udah langgan d sini bakso enak kirim jg cepat,5,rasa,POSITIF
makananya enak,5,rasa,POSITIF
lezzattoooo ,5,rasa,POSITIF
suka bgt dengan fast response dan kirimanya yg express pizza jg enakk,5,pelayanan,POSITIF
enaaakk pesan bayar jelang jam9 belum jam11 semua pesan sudah tiba jarak sekitar 11km,5,rasa,POSITIF
direspon dengan cepat terima dalam ada baik  pizza nya wangi saya cocok dengan rasa tasty semua rasa  campur cheese  roti imbang,5,pelayanan,POSITIF
enak pake banget,5,rasa,POSITIF
enak banget cheesenya banyak tiramisu nya jg enak very very delicious,5,rasa,POSITIF
tadi awal salah kirim ya lgs susul pizza dua jadi double terima kasih  ya pizza nya enak,5,rasa,POSITIF
enak banget,5,rasa,POSITIF
enak bgt,5,rasa,POSITIF
pesan sudah terima dengan baik dan sesuai deskripsi terima kasih banyak ya moga makin sukses aamiin,5,pelayanan,POSITIF
respon cpt yg aku kirimsukak,5,pelayanan,POSITIF
pesan sudah terima dengan baik dan sesuai deskripsi terima kasih banyak ya moga makin sukses aamiin,5,pelayanan,POSITIF
makan pake salad sayur tambah enak,5,rasa,POSITIF
pesan sudah terima dengan baik dan sesuai deskripsienak semua terima kasih banyak ya moga makin sukses aamiin,5,pelayanan,POSITIF
enak banget,5,rasa,POSITIF
terima nya kurangbagus,4,kualitas,POSITIF
salmon mentai momomaru emang paling pas mentainya enak dan pas jumlah ga bikin eneg,5,rasa,POSITIF
selalu puas udah repeat order gatau brp kali puedes sambelnya jos dan kulit bener2 tipis the best ,5,rasa,POSITIF
jujur tidak enak beli pertama saya juga ngga bisa pinpoint kenapa begitu tetapi cukup lumayan baik dr segi rasa maupun sambal yg lumayan nendang dan pedas,4,rasa,POSITIF
enak coipan n sambal mantap,5,rasa,POSITIF
coipannya enak next bakal order lg,4,rasa,POSITIF
enak beneran enak banget kulit tipis bawang putih banyak sambelnya pedes mantapp,5,rasa,POSITIF
recommended product one of the best choipans yang pernah saya pesan cara online seller ramah dan komunikatif,5,rasa,POSITIF
kirim cepat jual juga ramah  komunikatif kulit choipannya memang tipis sambal mantap dan gak pelit ,5,pengiriman,POSITIF
mantap choipan ny enakk,5,rasa,POSITIF
enak krenyes2 dan sambal mantap,5,rasa,POSITIF
enak bangettttt kulit tipis isi banyak  cucok buat buka puasa akuu hihihih thankyou sis,5,rasa,POSITIF
kirim cepet hati yang sama antar lom coba sih,5,pengiriman,POSITIF
enaaak,5,rasa,POSITIF
saladnya segar dan enak admin juga fast response ketika ada salah dalam kirim  selalu puas beli salad di sini,5,pelayanan,POSITIF
rasa enak cm kali ini kentang rada keras,5,rasa,POSITIF
enak kirim sangat cepat,5,rasa,POSITIF
enakkkkk,5,rasa,POSITIF
enak banget,5,rasa,POSITIF
enak,5,rasa,POSITIF
enaaakkk,5,rasa,POSITIF
cepat banget rasa baru pesan beberapa menit yg lalu ikut flash sale eh udah sampai,5,pengiriman,POSITIF
enaak fresh,5,kualitas,POSITIF
enaak,5,rasa,POSITIF
beli ke 2 kalinyarecommended salad rollrecommended seller,5,kualitas,POSITIF
kurang suka rasany,3,rasa,NETRAL
kirim cepet banget estimasi 2 jam tapi ga ada jam udah sampe dan masih fresh,5,pengiriman,POSITIF
saladnya segar sekali dan banyak porsi tapi toppingnya kurang enak turut saya,5,kualitas,POSITIF
uuweeennaaakkk,5,rasa,POSITIF
saladnya cantik dan rnak mesan cepat direspon dan cepat datang utk uk sameday bakal langgan pasti,5,rasa,POSITIF
fresh  kasih bonus tomat ceri terima kasih,5,kualitas,POSITIF
salad sayur paling murah 50rbu dpet 3 walau isi cuman sayur topping kn bsa bebas nambahin sndiri mau pke iris ikan tuna daging dll saosnya enak,5,rasa,POSITIF
saladnya mantap,5,rasa,POSITIF
fast responbrg freshpuas blnj d sini dpt bonus tomat kali inisukses gan,5,pelayanan,POSITIF
ya ampuuun enak banget sayur fresh cepat kirim harga sahabat dapat bonus lagibakal sering langgan nih ,5,rasa,POSITIF
fast respond n delivery tks utk free saladnya,5,pelayanan,POSITIF
siang order sore langsung sampai,5,pengiriman,POSITIF
enakkkkk  nanti kalau udah habis order lagi ah,5,rasa,POSITIF
rasa pas,5,rasa,POSITIF
dah sering beli wkwkwkuntuk bikin kimchee jigae dan gado yummmm,5,rasa,POSITIF
kimchi nya enak,5,rasa,POSITIF
sudah langgan,5,kualitas,POSITIF
rasa sesuai kirim cepat,5,pelayanan,POSITIF
sy sangt puas dg psanan kimchi nya  sangt enak  mantap kemas bagus rapi dn dtg tepat wkt kurir nya sopan,5,pelayanan,POSITIF
packing rapih produk ok,5,pelayanan,POSITIF
barang sdh terima terima kasih,5,pengiriman,POSITIF
layan bagus,5,pelayanan,POSITIF
kimchinya wangi banget pesan hari ini dan besok langsung sampai langsung buka icip dan rasa sesuai dengan request  jual juga ramah karena tanya mau berapa tingkat pedas dan asam dari kimchi nya packing juga super rapi double bubble wrap thanks sist ,5,rasa,POSITIF
kimchi nya ok banget thanks gan,5,rasa,POSITIF
kimchi nya enak banget dengan harga gin dan dpt banyak worth it kimchi juicenya juga banyak cocok buat nasi goreng dan kimchi jiggae so yummyyyyy bakal repeat order deh kalo uda abis ,5,rasa,POSITIF
mantul beli ke 2 mantap packingnya kaga bocor moga jualanya laris manis,5,pelayanan,POSITIF
kimchinya enak,5,rasa,POSITIF
dah 2x order di sini kimchi nya enakharga nya lumayan murah thanks,5,rasa,POSITIF
seller ramah kimchi nya enakkk sesuai request repeat order yg sekian kali ttp ga bosen paling enak antara kimchi yg lain percaya deh ga nyesel beli di kimchi id,5,rasa,POSITIF
taste is good,5,rasa,POSITIF
packing rapi bgt udah cium bau2nya walau blm buka makasih seller,5,rasa,POSITIF
enak n segar,5,rasa,POSITIF
fresh dan tidak terlalu berat pas banget buat buka puasa,5,kualitas,POSITIF
respon cepat dan sesuai pesan,5,pelayanan,POSITIF
enak  suka saladnya makasih yaa,5,rasa,POSITIF
semua enk,5,rasa,POSITIF
enaknyaaa,5,rasa,POSITIF
enak bangeeeet mau lagi ,5,rasa,POSITIF
enak bgt fresh,5,rasa,POSITIF
cuman 1harang dtg,5,pengiriman,POSITIF
kimchi nya rasa nya enak bangetterutama yg lobak nyapkknya emang beda rasa kirim jg cepat banget sampai nyapengemasan jg rapih dan amandi pakein toples pula,5,rasa,POSITIF
enyakkkk,5,rasa,POSITIF
kimchinya tiba sdh kurang fresh,4,kualitas,POSITIF
sesuai deskripsi agak manis rasa,5,rasa,POSITIF
terlalu manisbeda sama kimchi korea,1,rasa,NEGATIF
kimchinya terlalu asam kurang pedas,3,rasa,NETRAL
mantab ,5,kualitas,POSITIF
rasa nya muas gurih sedikit pedas kilas rasa manis tinggal asam nya tambah saya sengaja beli fresh supaya bisa atur kadar asam nya sendiri enak sayur segar dan crunchy ikut pasti beli lagi kimchi sehat banget ini makan probiotik alami,5,rasa,POSITIF
enak,5,rasa,POSITIF
kirim cepat pake instant no drama tapi kenapa begitu buka aroma kayak basi gitu tetapi pas makan baik aja sih ini order dua kali dan rasa konsisten,4,pelayanan,POSITIF
enak saladnya  kirim juga cepat rapi bungkus,5,pelayanan,POSITIF
saladnya enak dressingnya kurang terlalu suka,4,rasa,POSITIF
coba beli karena lagi promo nyata enak dan kenyang dua potong salad wrap dengan kulit tortilla ini beneran bikin kenyang karena isi yang padat dan kaya tekstur buat buka puasa cocok banget dressing-nya honey mustard yang dominan asam saya prefer lebih manis sih kemas dengan sangat baik dressing sauce masih lapis plastik dan ngga tumpah,5,rasa,POSITIF
enak,5,rasa,POSITIF
sdh beli yg ke 3 kalienakbahannyasegarpenampilan cantik,5,rasa,POSITIF
fast response cantik bgt tampil dan enak bakal bli lagi d,5,rasa,POSITIF
terima kasih pak bu emas rapi dan kirim cepat layan muas mantappp -,5,pelayanan,POSITIF
favorit banget ini ukur besar bisa bagi buat dua waktu makan rasa ga perlu tanya udah sering beli apalagi kalo flash sale hehe terima kasih serasa sering sering diskon ya hehee,5,rasa,POSITIF
selalu langgan di sini tq kakak seller,5,kualitas,POSITIF
udah beli 2 kali mantappp enakk,5,rasa,POSITIF
rasa enak bgt gaboong trus taste nya ramah buat lidah orang indo tp kyanya fermentasi klamaan jd ada sensasi di lidah gtu overall ini kimchi enak si,5,rasa,POSITIF
respon cepat kimchinya enaaak,5,pelayanan,POSITIF
enak banget sdh ky makan di resto korea,5,rasa,POSITIF
enak bangetttt cepet juga ntaps,5,rasa,POSITIF
rasa enak the best lah kimchinya ini,5,rasa,POSITIF
pertama nyoba kimchinya nyata enak seger banget asemnya pas temen makan ramyeon ,5,rasa,POSITIF
kimchi pa ini salah satu favorit selain varian timun  sawi udah beberapa kali order  selalu enak bisa makan dgn jajang ramyeon atau saat bbq,5,rasa,POSITIF
enakbakal langgan teus,5,rasa,POSITIF
sukaa bgt udah beberapa kali pesan ga pernah kecewa  sayang mesan akhir kena zonk sama jasa kirim barang lama jalan,5,rasa,POSITIF
sellernya ramah dan kooperatif ada salah pilih kirim dari saya sehingga barang sampai tidak bagus lagi tapi ganti dengan barang baru hanya dengan bayar ongkir thank you,5,pelayanan,POSITIF
bumbu manis ini bukan kimchi bumbu jauh bgt,1,rasa,NEGATIF
enak sekaliii,5,rasa,POSITIF
kimchinya enakkkk banget kyk yg ada di korean food resto dan fresh,5,rasa,POSITIF
kimchi dari sini selalu enak ini pertama kali cobain varian bawang fresh banget masih manis mau coba simpen 2-3 hari biar fermentasi dl hehe ,5,rasa,POSITIF
enak renyah dan fresh,5,rasa,POSITIF
kirim cepat dan seller sangat responsif,5,pengiriman,POSITIF
enaak fresh,5,rasa,POSITIF
enaak,5,rasa,POSITIF
beli ke 2 kalinyarecommended salad rollrecommended seller,5,kualitas,POSITIF
kurang suka rasany,3,rasa,NETRAL
kirim cepet banget estimasi 2 jam tapi ga ada jam udah sampe dan masih fresh,5,pengiriman,POSITIF
saladnya segar sekali,5,kualitas,POSITIF
uuweeennaaakkk,5,rasa,POSITIF
saladnya cantik dan rnak mesan cepat direspon dan cepat datang utk uk sameday bakal langgan pasti,5,pelayanan,POSITIF
saya blm pernah makan kimchi asli di korea tapi tidak ini yg paling ramah di lidah saya d kirim juga saya cepat,5,rasa,POSITIF
anak saya bs makan krn tdk asam dan tidak terlalu pedas,5,rasa,POSITIF
seller fast response dan ramah kimchi nya enak banget dan fresh recommended seller,5,pelayanan,POSITIF
rasa enaakkkk  langsung mau order lagi jual responsif,5,rasa,POSITIF
dah langgan rasa konsisten,5,rasa,POSITIF
yummyyy,5,rasa,POSITIF
rasa mantab,5,rasa,POSITIF
mantap sekali bintang 5,5,rasa,POSITIF
saya dan istri suka fresh tingkat asam bisa atur sendiri jadi bisa sesuai dengan selera,5,kualitas,POSITIF
good tapi kurang bbrp barang kering dan basah di campur dalam satu kantong hitam trus kantong hitam nya tipis,4,kualitas,POSITIF
barang sampai rmh masih agak dingin2 mantul ,5,kualitas,POSITIF
sellernya bisa ajak gercep saat urgent exp masih lama thanks kak,5,pelayanan,POSITIF
cepet banget kirim sen siang sore uda sampe the best,5,pengiriman,POSITIF
proses cepatthx,5,pengiriman,POSITIF
maaf baru ksi tw  barang kmren sudah smpai mantep barang cpet smpai lau gx cpet smpaitkut nya rusak  good bgt langsung older langsung proses,5,pengiriman,POSITIF
kirim cepat,5,pengiriman,POSITIF
lobak asin nya sesuai terimakasih sukses terus ya,5,rasa,POSITIF
produk bagus,5,kualitas,POSITIF
layan dan kakak luar biasa baik god bless ya kak,5,pelayanan,POSITIF
kirim cepat,5,pengiriman,POSITIF
barang ok  servicenya expresstq,5,pelayanan,POSITIF
puas srkalimemang gak lama sampaitapi kemarin baru sekarang kasih ulasankurir ramah dan baik terima kasih toko dia,5,rasa,POSITIF
cepat mantappppp,5,pengiriman,POSITIF
cepat mantappppp,5,pengiriman,POSITIF
bagus harga terjangkaukurir ramah,5,kualitas,POSITIF
cepat dan mantappppp,5,pelayanan,POSITIF
freshh enak asam pas tp sedikit pahit,4,kualitas,POSITIF
packing nya rapih bgt sumpah  tapi sayang dikit bgt muehehehehehe,5,pelayanan,POSITIF
enaaak banget  asem nya  pedesnyaa,5,rasa,POSITIF
proses kirim cepet ga pake lamaa dan kimchi nya enakkk loh rekomended mayan dapat promo thanks,5,pelayanan,POSITIF
enak banget mantappp,5,rasa,POSITIF
respon cepat kemas rapi dan mantap rasa belum coba klo cocok bakal langgan beli nih,5,pelayanan,POSITIF
udh 3x beli koto kimchi kimchi paling enak yg pernah aku beli seger bgt dan cabbage nya renyah bgt,5,rasa,POSITIF
barang sesuai pesan kirim cepat dan aman thanks seller ,5,pelayanan,POSITIF
packagingnya pakai dus dan wrap rapih banget,5,pelayanan,POSITIF
enakk bgt,5,rasa,POSITIF
brg sesuai deskripsi kualitas bgs respon cepat n packaging rapi recommended ,5,pelayanan,POSITIF
barang bagus proses cepat,5,kualitas,POSITIF
kimchinya enaak udah order lain tempat ini paling enak huhuuuu,5,rasa,POSITIF
tasty,5,rasa,POSITIF
enak dan segar jual ramah makasih ,5,rasa,POSITIF
sudah repeat order terus suka kimchi nya rasa asam dan pedas pas volume juga cukup banyak,5,rasa,POSITIF
kemas rapih biarpun ada yang bocor tapi cuma rembes,5,pelayanan,POSITIF
kirim yg sekian x cepat ya reseler jg okeh sayang yg kirim ke 3 ada bocor sesuai foto yg saya kirim so far okeh,5,pelayanan,POSITIF
kurang asem cukapadahal sdh kulkas 7 hari,4,rasa,POSITIF
ini kimchi yang ter fresh yang pernah ku makan enak banget masih asa manis manissayang packagingnya kurang baik turut karna ku kira akan bagi jadi 2 toples per 400gr sampa rumah toplesnya gembung jd agak susah untuk buka saat buka ledak mungkin karna lama jalan si kimchi banyak guncang dan panas jd ku hilang bumbu lumayan banyakhehehe,5,kualitas,POSITIF
proses kirim cepat,5,pengiriman,POSITIF
beneran enak,5,rasa,POSITIF
kirim cepat produk oke terimakasih,5,pengiriman,POSITIF
enaaak bgt sayang 400gr masih kurang dosis buat saya nyiahahha,5,rasa,POSITIF
entah order ke berapa kali selalu fresh kimchinya jadi blm asem pasti order lagi ini mah ,5,rasa,POSITIF
packagingnya aman plastik dalam toples  tapi karna ngembang jd susah banged buka toplesnya wkwkw  kalau rasa c sudah pasti kimchi enak ,5,pelayanan,POSITIF
kimchi nya enak udah beberapa kali beli tapi saya beli 700 gram dapetnya cuma 662 gram udah sama kemas,1,rasa,NEGATIF
respon seller cepat sudah beli ke 2 kali gak kecewa terima kasih banyak,5,pelayanan,POSITIF
puas barang sesuai,5,kualitas,POSITIF
cepat packing aman produk mantap,5,pelayanan,POSITIF
produk bagus,5,kualitas,POSITIF
barang ok  servicenya super expresstq,5,pelayanan,POSITIF
packing rapih kirim cepatsemoga nanti bisa reordermakasih seller ,5,pengiriman,POSITIF
kirim cepat,5,pengiriman,POSITIF
enak recommended sellertopnext order lagi deh terimakasih ,5,rasa,POSITIF
semua okeyyy,5,pelayanan,POSITIF
fast respone enak,5,pelayanan,POSITIF
mantab,5,kualitas,POSITIF
fast delivery good product,5,pengiriman,POSITIF
makan cepat dateng dan enak ,5,pengiriman,POSITIF
barang sesuai deskripsi dan kirim cepat trims,5,pelayanan,POSITIF
mungkin aku ga cocok sama masakan korea aku lebih cocok masakan jepang udah nyoba banyak makan korea tapi ga ada yang cocok untuk kimchinya mungkin enak tapi asam banget,4,rasa,POSITIF
pesan cepet sampaipacking nya rapih bgt ,5,pengiriman,POSITIF
rasa enakpengobat rindu blm bisa balik ke korea tapi tidak masih bisa makan kimchi homemade sini bakal jadi langgan,5,rasa,POSITIF
respon cepat mantap lah,5,pelayanan,POSITIF
pesan sdh saya terima dan sesuai thanks seller,5,pengiriman,POSITIF
sudah sy terima tapi nggak sy makan karena sdh lebih 5 hari di jalan takut sakit perut produk ini sudah sampai di kota saya hari senin tapi baru antar ke saya kamis hari ini itu telah email cs anteraja dan komplain tokopedia,3,pengiriman,NETRAL
barang sesuai deskripsi produk oke packaging rapih kirim cepat seller fast respons dan udh langgan recommended ,5,pelayanan,POSITIF
enaaakkk,5,rasa,POSITIF
produk bagus  kirim cepatthank you,5,pelayanan,POSITIF
thanks ,5,pelayanan,POSITIF
packing aman kardus trs dibubble wrap dalem wadah plastik utuh ngga ada yg retak hehe cm ngga bener2 nutup hehe saran mgkn bisa isolasi lakban kimchinya bungkus plastik alhamdulillah ngga bolong ngga bocor rasa seperti biasa hehe yaa kimchi seller fast respon udah berkali2 beli di olshop ini overall puas mksh,5,pengiriman,POSITIF
kimchi fresh sekali dan rasa mantap,5,kualitas,POSITIF
mantafff,5,kualitas,POSITIF
masih kres kres dan enak,5,rasa,POSITIF
enak banget,5,rasa,POSITIF
pesan kimchi sudah terima dengan baik dan sesuai yg diorderpacking aman kirim cepatterima kasih,4,pelayanan,POSITIF
sukaaaaaaaaaaaaa,5,rasa,POSITIF
kirim super cepat sen pagi malam udh dtg luar biasa tks dapursakinahku,5,pengiriman,POSITIF
kondisi barang terima sangat rapi dan bagus kemas plastik tebal dan double tetapi tidak bocor semua kuah tumpah basah kardusuntuk kirim sangat kecewa karena tidak sesuai yang harus maksimal tgl 14 maret 2021 terima oleh konsumen baru kirim oleh pihak sicepat tgl 15 maret 2021 dengan alas tgl 13 sabtu dan 14 minggu pihak sicepat libur dan hari sabtu minggu tidak hitung sistem kerja sunggung sangat kecewa,1,pengiriman,NEGATIF
barang cepat sampai,5,pengiriman,POSITIF
enakk tp agak pahit,4,rasa,POSITIF
kurang suka rasa pahit,3,rasa,NETRAL
lontong wangi daun padat lembut dan enak,5,rasa,POSITIF
lontong lembut dan enak makan pakainopor,5,rasa,POSITIF
pesan dadak karena opor masih sisa banyak order cepat di respons dan rasa enak lontong lembut terima kasih,5,rasa,POSITIF
lomtongnya bagus enak dan fresh,5,kualitas,POSITIF
lontong tiba sesuai pesan rasa enak dan legit sesuai espektasi tahan yaa trimakasih seller,5,rasa,POSITIF
harga kompetitir rasa enak,5,rasa,POSITIF
produk lontong lembut mantap,5,rasa,POSITIF
lontong banyak yg benyek om ga jel ga padet,3,kualitas,NETRAL
fast response kirim dan tiba sesuai minta tapi sayang ada beberapa lontong ujung lembek dan sedikit hancur,4,kualitas,POSITIF
bagus sekali oncom nya ,5,kualitas,POSITIF
product sesuai tp oncom tebal hanya paruh dari oncom biasa,3,kualitas,NETRAL
good quality very fresh  affordable price  fast delivery on time  seller shop is very friendly and helpful  will definitely order again ,5,kualitas,POSITIF
isi nya banyak admin nya cepat tanggap dan sangat bantu,5,pelayanan,POSITIF
selalu puas beli disiniselalu enak dan kirim cepet,5,pelayanan,POSITIF
enak bgt mexican tuna salad nyaporsi nya banyak dan pas antar cepat jg di hari yg sama,5,pelayanan,POSITIF
enak saladnya,5,rasa,POSITIF
terima kasih banyak pak bu emas rapi dan kirim cepat layan muas mantappp -,5,pelayanan,POSITIF
selalu suka salad di sini,5,rasa,POSITIF
kirim cepat dan rasa enak,5,pengiriman,POSITIF
like the dressing however it was very little for the salad s portion,4,rasa,POSITIF
enaaakkdressingnya juga ,5,rasa,POSITIF
toko amanah syg kurir anterajanya lambat banget ngirim paketanterajaanternya kapan2 aja,5,pengiriman,POSITIF
fast respon n delivery sdh langgan beli asin n ok bget rasa,5,pelayanan,POSITIF
sesuai kirim cepat,5,pengiriman,POSITIF
rasa enak  segar ,5,rasa,POSITIF
yummmmyyyyyy so fresssshhhhhsdh repeat order,5,rasa,POSITIF
kirim tepat waktu dan asin nya enak banget,5,pengiriman,POSITIF
sdh beli kali sini n rasany tetap mantulll,5,rasa,POSITIF
enak sekali fresh ingredients pas padu mangga asam dengan lengkeng manis,5,rasa,POSITIF
enakkkkkkkk,5,rasa,POSITIF
enakkkk n sdh repeat order berkali2,5,rasa,POSITIF
produk bagus original sesuai pesan packing rapih kirim cepat mantaap deeeh terima kasih banyaktokopedia  seller sukses selalu yaa amiiin,5,pelayanan,POSITIF
thank u gan enak,5,rasa,POSITIF
cream nya terlalu bnykkulit jg agak tebalisi durian jd sdktpengiriman joooss,4,rasa,POSITIF
kirim cepat tapi sayang tidak ada gratis ongkir padahal saya beli 2 jadi mahal di ongkir padahal kirim dekat,5,pengiriman,POSITIF
barang sdh sampai sangat cepat mantaf,5,pengiriman,POSITIF
mantappp cepat sampe hanya 30menit dari waktu mesan,5,pengiriman,POSITIF
jossss bngt sen jam 3 eeeeehhh jm 7 dah nympetq,5,pengiriman,POSITIF
buah segar dan enak sekali,5,kualitas,POSITIF
enak bangetttt buah banyak harga murah mayoinase nya enak puas,5,rasa,POSITIF
jual ramah dan baik,5,pelayanan,POSITIF
jual selalu konsisten dengan layan yg cepat dan ramah packing yg kuat sturdy tampak luar yg cantik buah2an yang fresh yang saya suka ada pilih kewpie yogurt yang hampir tidak pernah saya temu tempat lain selain itu ada tambah almond slices tanpa naik harga rasa duh nggak usah bilang puas deh pokok lebih2 yang ada blueberrynya nggak pernah sekalipun buat kecewa so so highly recommended ,5,pelayanan,POSITIF
bahan selalu fresh rasa selalu konsisten enak packing rapi dan cantik response ramah dan cepat nggak pernah kecewa highly recommended,5,pelayanan,POSITIF
enaaakk,5,rasa,POSITIF
repeat orderseller sangat responsif order saat pukul 1530 lewat nyata langsung proses dan maghrib dah sampai rumahtks seller,5,pengiriman,POSITIF
puas seller responsifsalad buah nya mevvahtks seller,5,pelayanan,POSITIF
selalu puas sm salad buah seller responsif price reasonable buah2nya fresh cheese n dressing nya ga pelit top pokok,5,kualitas,POSITIF
kismis enak bngt lain kali order lg terima kasih kirim juga cepat,5,rasa,POSITIF
bagus  cepat recomended seller ,5,pelayanan,POSITIF
tdk slh pilih - recommended fast respons produk sesuai deskripsi the best full hitam  moist  bsr best packing free box  bubble wrap aman kirim brasa same day bayar gratis 100 thx gan,5,pelayanan,POSITIF
sesuai sana cuma proses agak lama dikit produk bagus dan enak bgt ga kering dan wangi,5,kualitas,POSITIF
kismis bagus respon cepat,5,kualitas,POSITIF
lumayan enak kismis nya tapi kok kaya ada bau2 karet nya ya,4,rasa,POSITIF
bagus moga kwalitas tetap di utama biar jadi langgan tetap,5,kualitas,POSITIF
bagus,5,kualitas,POSITIF
sdh sekian kali belanja di mari top deh pokok moga daerah kelapa gading selalu aman dr banjir,5,kualitas,POSITIF
rnak ga terlalu manis keju buanyak kirim cepet,5,rasa,POSITIF
dah berapa kali order sini ga pernah kecewa dah selalu mantul,5,kualitas,POSITIF
salad buah nya enak,5,rasa,POSITIF
buah banyak dan segar semuarasa enakbakal repeat order,5,rasa,POSITIF
saus mantep dan gak pelit buah jg segar dan macem2 definitely not going to be the last purchase ,5,kualitas,POSITIF
respo cepat buah fresh,5,pelayanan,POSITIF
terimakasih ya saladnya enak sdh repeat order ,5,rasa,POSITIF
poko layan cakeep banget deeh jadi langgan,5,pelayanan,POSITIF
enak banget dan puas,5,rasa,POSITIF
soal rasa egk di ragu lagi,5,rasa,POSITIF
selaluuuuu enakfreshnagih,5,rasa,POSITIF
selalu re order lg dan lagi  ,5,kualitas,POSITIF
neng banget kasih bonus asin free ,5,pelayanan,POSITIF
enaakk,5,rasa,POSITIF
enakcepat sampaisesuai foto,5,rasa,POSITIF
enak udah keburu abis jadi ng sempet foto,5,rasa,POSITIF
kalau yg ini sdh uji sdh kali beli rasa gak pernah berubahnano thanks seller,5,rasa,POSITIF
asin terfav,5,rasa,POSITIF
mantapp,5,kualitas,POSITIF
terima kasih produk dan service mantap - biar bintang yg bicara,5,pelayanan,POSITIF
enaakkkk,5,rasa,POSITIF
mantaab rasanyaa ,5,rasa,POSITIF
rasa segerrrrrpenjualnya ramah next order lagi,5,pelayanan,POSITIF
kualitas oke kirim cepat mantap,5,kualitas,POSITIF
wajib d cobaiiiin enakkk bingitz,5,rasa,POSITIF
enak dan garuda langgan dr taon lalu,5,rasa,POSITIF
alhamdulillah akhir ngidamnya sampean jg bnr parah asin enk bgtseuugeeeeernya mng bkn mata meleknch br prtm kl rasain asin enknya ky gn ntuk air rasa asemnya mng bkn dr cukaasinannya msh freshpemgiriman sgt cpt dan penjul ramah pokok top markotop dch dgn layanannnyabs jd langgan nch pas lg kpgn makan yg segerthx y agan smg dagang sll laris manis dan sukses trs ,5,rasa,POSITIF
selalu mantap asli bikin merem melek ,5,rasa,POSITIF
kirim sangat cepat tks untuk rasa mah ga usah d raguinajib n tks seperti biasa semuany freshtks,5,pelayanan,POSITIF
packing rapi cepet sampai jual responsif dan ramah asin nya maknyus,5,pelayanan,POSITIF
enak,5,rasa,POSITIF
maknyus,5,rasa,POSITIF
rasa bikin tagih,5,rasa,POSITIF
manis mantab durian kirim cepattq,5,rasa,POSITIF
enak manis durianya mantab,5,rasa,POSITIF
paket sudah terima tp blum sempat coba krn utk jual lagi insha allah enak ya,5,pengiriman,POSITIF
sesuai pesan kirim cepat soal pake grab sich btw good seller and thanks tokped,5,pelayanan,POSITIF
mantab berasaaa durian medan nya,5,rasa,POSITIF
bagus manis dan asa bngt durian asli tq,5,rasa,POSITIF
enakkkkkks syekali makas seller makas jga abang kurir,5,rasa,POSITIF
mantap enak saladnya tq,5,rasa,POSITIF
mkshhh kak moga lancar manfaat barokah selaluuuuuu aamiin,5,pelayanan,POSITIF
alhamdulillah udah sampe selamat paket mkshhh bnyk ya kak utk bonus nya masya allah moga allah ikan usaha lancarrrr barokah selaluuuuuu aamiin ,5,pelayanan,POSITIF
ini pesan sekian kali loohsoal rasa jgn tanyapokoknya mantul makas seller yg ramahkapan2 insya allah order lagi,5,rasa,POSITIF
always the best alhamdulillah mkshhh selaluuuuuu kak barakallah,5,pelayanan,POSITIF
memang asam buah dan untuk ukur besar ini jujur makan tengah ka krna asam anak jg ga suka biasa sukamakasih ya ka udh tanggung jawab ganti yg barusemoga berkah saya rubah review nya,5,rasa,POSITIF
mkshhh yaaaa kak udh sampe paket muas,5,pelayanan,POSITIF
mkshhh yaaaa kak packing nya aman,5,pengiriman,POSITIF
beli ke-4,5,kualitas,POSITIF
packingan rapi,5,pengiriman,POSITIF
beli yg dua tetap puas epak rapi pakai bublewarp dan ada stiker fragile barang khasiat bagus dan kadarluarsanya masih lama jual baik dan fast respon makasih gan ,5,pelayanan,POSITIF
mantap barang asli khasiat bagus langsung asa epak rapi tulis fragille dan pakai bubblewarp kadarluarsanya masih lama jual baik dan fast respon makasih ya next pasti order lg ,5,pelayanan,POSITIF
sesuai dengan pesan cepet nyampe packing rapi  ditambahin bublewrap dan tentu lebih murah dari yg lain recomended,5,pengiriman,POSITIF
sesuai ekspektasi moga jd lebih sehat ,5,kualitas,POSITIF
kirim cepatpackingnya aman  rapiproduk kemas sangat baik makasih seller,5,pengiriman,POSITIF
harga bagus barang bagus kirim cepat,5,pengiriman,POSITIF
packing amanmurah cepat,5,pengiriman,POSITIF
alhamdulillah telah coba barang dalam ada bagus dan sesuai dengan detail yang tera pada deskripsi produk respon jual juga baik kirim sangat cepat overall puas dengan layan jika jual muslim moga allah berkah usaha,5,pelayanan,POSITIF
selamat rasa mual muntah ku,5,rasa,POSITIF
rasa terlalu kuat heran dengan rasanyamaaf tapi ini jauh dari ekspektasi,4,rasa,POSITIF
fast respon good seller good product,5,pelayanan,POSITIF
kirim cepat produk ok,5,pengiriman,POSITIF
busyet dah asiin bangatrasnya ngangenin dan bikin hausscocok buat makan buka yang punya warung makan,5,rasa,POSITIF
enakkkkk coyyyyyyy,5,rasa,POSITIF
enak,5,rasa,POSITIF
enak euy,5,rasa,POSITIF
ini fav sih snack dr kecil,4,rasa,POSITIF
ada rasa asin,3,rasa,NETRAL
respon seller baik dan cepat produk sesuai foto dan deskripsi terimakasih sukses selalu,5,pelayanan,POSITIF
kok agak pait ya kyk udah gk segar pdhl kondisi sampai rmh masih dingin apa sdh lama,4,rasa,POSITIF
enak,5,rasa,POSITIF
enak durian cupnyabener2 dr durian medanthx ya gansukses selalu,5,rasa,POSITIF
enak respon cepat,5,rasa,POSITIF
kirim cepat rasa durian juga enak manis respon seller juga cepat recomended dech,5,pengiriman,POSITIF
kirain dr foto ukur besar ternyatahehe tp rasa boleh laahhhpuas,4,rasa,POSITIF
respon cepat rasa ok banget real durian asli next pasti order lagi,5,pelayanan,POSITIF
isi kurang penuhtapi rasa ok,4,rasa,POSITIF
semua barang selalu sesuai gambar dan deskripsi ,5,kualitas,POSITIF
barang proses dan kirim sangat cepat kemas baik dan rapi terima kasih sayurbox,5,pengiriman,POSITIF
sayur dan semua sini fresh layan lumayan cepat,5,kualitas,POSITIF
produk cepat sampai dan memuaskanthanks banget seller,5,pelayanan,POSITIF
nanas gak kirim ga diinfoin juga cara refund di tokped tau2 pesan udh selesai otomatis,1,pelayanan,NEGATIF
segarrrr ,5,kualitas,POSITIF
nanas manis bangetcuttingnya juga rapi suka banget  puas banget ,5,rasa,POSITIF
kirim cepat barang oke,5,pengiriman,POSITIF
mantap,5,kualitas,POSITIF
bersih tanpa biji,5,kualitas,POSITIF
pesan proses cepat kirim juga oke cepat sampai sesuai deskripsi dan langsung santap,5,pelayanan,POSITIF
rasa kangen,5,rasa,POSITIF
pokok puas ,5,pelayanan,POSITIF
respon nya cepat sehingga barang cepat sampe juga tq ya,5,pelayanan,POSITIF
proses kirim yg cepat dan sesuai dgn deskripsi,5,pengiriman,POSITIF
enak ,5,rasa,POSITIF
rasa enak dengan tambah kacang tanah goreng dan sambal ekstra kemas dengan baik kirim express tiba aja paket sudah sampai terimakasih banyak seller ,5,pelayanan,POSITIF
mantap ,5,kualitas,POSITIF
cepat  rasa cocok lidah,5,pengiriman,POSITIF
sesuai pesan respon seller dan kirim cepat terimakasih,5,pelayanan,POSITIF
maknyusss,5,rasa,POSITIF
cabe ngga ada mgk ketinggalanshg yg makan saya sendirimereka ngga ada cabe ngga mau makanbagaimana ngga puasa kalau saya harus habisin 5 porsimakasih ya,5,pelayanan,POSITIF
mantap dan fresh,5,kualitas,POSITIF
enak hanya porsi mini hehe,5,rasa,POSITIF
mantap dan fresh buah,5,kualitas,POSITIF
respon jual dan kirim cepat,5,pelayanan,POSITIF
dah ga hitung brp kali repeat order ,5,rasa,POSITIF
enaaaakkkk bingitzzzzz,5,rasa,POSITIF
entah sudah brp puluh kali beli ini  sudah jd member alias langgan tetap,5,rasa,POSITIF
enakbuahnya fresh rasa seger packingan bersih dan aman bgt kirim cepat seller ramah makasih banyak,5,kualitas,POSITIF
mohon maaf lupa foto saking enak udah abis duluan baru inget mau foto buat review asin kuah putih ini beda dari yang lain sih enakk banget,5,rasa,POSITIF
selalu mantap asli bikin merem melek ,5,rasa,POSITIF
kirim sangat cepat tks untuk rasa mah ga usah d raguinajib n tks seperti biasa semuany freshtks,5,pengiriman,POSITIF
enak segeer,5,kualitas,POSITIF
asin nya enak bgt kirim sangat cepat,5,rasa,POSITIF
kirim cepat asin enak thx,5,pengiriman,POSITIF
pas sesuai selera ,5,rasa,POSITIF
re order yg sekian kali maaf gak sempet di foto buru2 dimasukin kulkas takut khilaf lagi puasa ,5,rasa,POSITIF
seger and fres bngt  makasihhhhh,5,kualitas,POSITIF
oktuanks seller,5,pelayanan,POSITIF
mantap ,5,kualitas,POSITIF
selalu puas deh sampe gak sempet masuk kulkas langsung makan ,5,rasa,POSITIF
agak kecewa note tidak sesuai ,3,pelayanan,NETRAL
biar tangan yg bicara mantul rasa saladnya,5,rasa,POSITIF
udah kali kli bli sini enak dan muas jadi langgan,5,pelayanan,POSITIF
enak ,5,rasa,POSITIF
barang kemas cara rapi,5,pelayanan,POSITIF
oke banget selalu dan selalu beli asin di sini lagi sampe gojek nya bingung kenapa beli asin jauh banget karena enak dan rasa pas banget ,5,rasa,POSITIF
segeer banget dan sedeep,5,kualitas,POSITIF
sudah beli untuk sekian kali tetap suka dengan rasa ,5,rasa,POSITIF
seger makan siang2 cm mangga adem bgt makasih,5,kualitas,POSITIF
mantab  terima kasih,5,rasa,POSITIF
bintang bicara ,5,pelayanan,POSITIF
biar bintang yg bicara yaterima kasih,5,pelayanan,POSITIF
pas mantab makasih yah,5,rasa,POSITIF
maaf ya saya kurang cocok dg rasa saus dan buah nya juga tidak fresh air,3,rasa,NETRAL
sukakkk  sellernya juga helpful bgt  repeat order soon ,5,rasa,POSITIF
buah segar rasa enak seller respon bagus recomended,5,kualitas,POSITIF
gak ragu udah beli yg sekian kali pokokya sehat dan sukses terus y sis,5,rasa,POSITIF
udah langgan 6x sen sini baik via toped maupun wa rasa selalu premium dan enak keep up the good quality sis,5,rasa,POSITIF
transaksi berkali2 selalu puas,5,pelayanan,POSITIF
sesuai dengan pesan terimakasih,5,kualitas,POSITIF
barang terima dengan baik packing aman terima kasih,5,pengiriman,POSITIF
suka sy kirim cepat dan packing nya rapi trimakasih ya,5,pengiriman,POSITIF
sesuai pesan barang tidak kurang,4,pelayanan,POSITIF
mantap ,5,kualitas,POSITIF
garing mnggany enakbkl psn lagi pasti,5,rasa,POSITIF
enak seger bgt mangga asem renyah pas buat ngidam,5,kualitas,POSITIF
enak sampai repeat order terus,5,rasa,POSITIF
enak banget krenyes2 buah super segar lain kali mesti beli lagi,5,kualitas,POSITIF
repeat order buah mangga tetap bagus sekali sesuai dengan pesan saya yang pertama dan packing juga sangat rapi dan ikat erat terima kasih ,5,pelayanan,POSITIF
enak banget,5,rasa,POSITIF
mina kasih buah sudah sampai  packing sangat bagus sekali dan buah juga bagus ,5,kualitas,POSITIF
enak bgt pesan yg ke sekian kali,5,rasa,POSITIF
ini enak banget dongterasinya sukak langsung repeat order buat stock,5,rasa,POSITIF
baraang ny bagus kirim cepeett bangeett jooss toko ada bonuus nya lagi,5,kualitas,POSITIF
mantap,5,rasa,POSITIF
recomended seller,5,pelayanan,POSITIF
lapak fast responpacking rapibarang darat dengan amanmantab pokok,5,pelayanan,POSITIF
mantap barang bagus dan saya rekomendasi sini saja,5,kualitas,POSITIF
barang mantap ada lebih recomended,5,kualitas,POSITIF
barang mantap dan kualitas sukses terus pokok,5,kualitas,POSITIF
recomended mantap,5,pelayanan,POSITIF
barang oke,5,kualitas,POSITIF
recomended seller ini,5,pelayanan,POSITIF
barang kualitas respon seller cepat,5,kualitas,POSITIF
enak apalagi pas dapet harga diskon banyak sering promo yaa ,5,rasa,POSITIF
bsrang sesuai pesan,5,kualitas,POSITIF
brg ok enak thanks,5,kualitas,POSITIF
jual ramah packing nya aman keluar kota,5,pelayanan,POSITIF
mantab beli beberapa kali belum pernah kecewa,5,pelayanan,POSITIF
kirim cepat enakkkk saya suka,5,pengiriman,POSITIF
enak segar,5,kualitas,POSITIF
rasa nya wangi tetapi tidak manistidak sesuai iklan,1,rasa,NEGATIF
mantabbbb packing sangat bagus,5,pengiriman,POSITIF
rasa oke  hanya biji duren ada yg di dalem plastik,5,rasa,POSITIF
uenakkk bakal langgan nih,5,rasa,POSITIF
barang bagus packing rapih kirim cepat recommended seller,5,pelayanan,POSITIF
rasa manis mantul mksh,5,rasa,POSITIF
joss udh sampe sen ga sampe 1 jam moga joss jg rasa,5,pengiriman,POSITIF
ga kecewa dgn durian durian manis2 semua thx ya,5,rasa,POSITIF
rasa mantap manis,5,rasa,POSITIF
mantap,5,rasa,POSITIF
mantappp,5,rasa,POSITIF
enak,5,rasa,POSITIF
selalu suka bollen kartika enak,5,rasa,POSITIF
semua sesuai baik waktu kirim maupun item yg order,5,pelayanan,POSITIF
barang sampai besok expired,1,pengiriman,NEGATIF
uda sen hr sabtu tp kirim cuma ampe jam 11 senin kirim pun sore sampai ke tuju selasa siang,3,pengiriman,NETRAL
makan suka sejak kecil sudah 2x beli lewat toped packing rapi  aman,5,rasa,POSITIF
gede puas,5,pelayanan,POSITIF
masih sama seperti dulu waktu sy kecil enak tgl 8 2 pesan 9 2 bayar 10 2 siang udah sampe mantep dah cm dus agak penyok tp rasa enak mksh kartika sari,5,rasa,POSITIF
beli ke-4,5,rasa,POSITIF
packingan rapi,5,pengiriman,POSITIF
beli yg dua tetap puas epak rapi pakai bublewarp dan ada stiker fragile barang khasiat bagus dan kadarluarsanya masih lama jual baik dan fast respon makasih gan ,5,pelayanan,POSITIF
mantap barang asli khasiat bagus langsung asa epak rapi tulis fragille dan pakai bubblewarp kadarluarsanya masih lama jual baik dan fast respon makasih ya next pasti order lg ,5,kualitas,POSITIF
sesuai dengan pesan cepet nyampe packing rapi  ditambahin bublewrap dan tentu lebih murah dari yg lain recomended,5,pengiriman,POSITIF
sesuai ekspektasi moga jd lebih sehat ,5,kualitas,POSITIF
kirim cepatpackingnya aman  rapiproduk kemas sangat baik makasih seller,5,pengiriman,POSITIF
harga bagus barang bagus kirim cepat,5,kualitas,POSITIF
packing amanmurah cepat,5,pengiriman,POSITIF
kirim cepat dan pia enakk,5,pengiriman,POSITIF
seller sangat responsive ,5,pelayanan,POSITIF
suka banget sama pia ini tagih terus,5,rasa,POSITIF
seller gercep enak pia nya uda sering beli  suksesterus,5,pelayanan,POSITIF
uenak,5,rasa,POSITIF
barang sesuai dengan ingin tks,5,pelayanan,POSITIF
mantap,5,kualitas,POSITIF
good productgood seller  thankyouu ,5,kualitas,POSITIF
good seller good product ,5,pelayanan,POSITIF
good product good seller  thankyouu kak,5,pelayanan,POSITIF
good seller  pesan sesuai produk ok kirim cepat terima kasih seller sukses selalu,5,pelayanan,POSITIF
mantaap baik respon seller maupun produk ok,5,pelayanan,POSITIF
enak ngga manis puas belanja sini on time sesuai deskripsi 2 hari dan tiba jam 11 siang hehe fresh masuk untuk topping kacang mgkin bsa hancur lebih seragam homogen krna ada piece yg trnyta besar dan keras,5,rasa,POSITIF
bolu nya enak dan mantapp,5,rasa,POSITIF
selalu puasudah langgan,5,pelayanan,POSITIF
wow yum yum enak,5,rasa,POSITIF
enakkk ngga terlalu manis bolu nya lembut ,5,rasa,POSITIF
selalu puas pesan sini rasa enak dan kirim sesuai,5,pelayanan,POSITIF
packing nya rapi pas buka wangi nya enak bsk2 beli sini lagi terima kasih,5,pengiriman,POSITIF
baru pernah sen kue serapih ini packagingnya bener2 bagus kata po 2 hr tp besok udh sampairasanya enak lembut tp mantap kacang jg garing top bangettsss,5,pelayanan,POSITIF
packaging aman produk sesuai ekspektasi moga sukses,5,pelayanan,POSITIF
bolu jadul enak dan kemas rapi dar saran bag nya jgn plastik kali yaa spy tdk tambah sampah plastik hehe,5,pelayanan,POSITIF
kirim cepat dan jual kooperatif,5,pengiriman,POSITIF
puasa bangettt buat ngasih hampers ke org lain cocok banget,5,pelayanan,POSITIF
nyata sampenya cepat sekaliiii padahal kata po  terimakasih banyaaak min,5,pengiriman,POSITIF
rasa cokelat luar biasa sekali kalo ga inget berat badan bisa2 diabisin sendiri  untuk layan lebih dari ekspetasi pikir ga akan kirim hari ini nyata langsung kirim hari ini juga mantab,5,rasa,POSITIF
enak bangeeet coklat rasa bbget aku tdi mkan ditroh di kulkas dlu jdi enyoyy bakal repurchase si ini makasih seller,5,rasa,POSITIF
sumpah padahal tulis po tapi pas sen malemnya udah kirim dan pagi ini udah sampeeee layan juga ramah bangettt fix kalo beli hampers lagi bakal sini the best,5,pengiriman,POSITIF
layan cepat paket sampai ke tuju dgn aman mantaap sukses buat sellernya,5,pelayanan,POSITIF
mantab pas banget buat jadi hampers lebaran thank you,5,kualitas,POSITIF
proses cepat,5,pengiriman,POSITIF
seller ramah dan informatif sekali fast response jugapackaging sangat cantik karna untuk hampers lebaranproses pesan juga cepat h-1 pesan dan besok sudah antar sudah rapi dan cantik pacakgingnyasiap bagi hampersnyaoverall sangat puas,5,pelayanan,POSITIF
enak admin good response,5,rasa,POSITIF
alhamdulillah kue enak sesuai pesan terima kasih,5,rasa,POSITIF
admin walaupun agak lama respon mgkn krn order banyak tapi begitu dinotice proses cepet jadi alhamdulillah bisa terima sesuai waktu yg diharapkanrasa kue ijonya sih jelas juara bangeett ,5,pelayanan,POSITIF
pesan cepet sampe pagi sen siang udh sampe free greeting card luvvv makas,5,pengiriman,POSITIF
paraaah enak banget,5,rasa,POSITIF
suka bgt sampai order buat paket hampers ke teman2,5,kualitas,POSITIF
enakkkkk,5,rasa,POSITIF
respon seller cepat packing baik dan sesuai pesan,5,pelayanan,POSITIF
kirim cepet banget packing okeee rasa sungguh endul nggak malu2in buat kasih2 ke tetangga ,5,pengiriman,POSITIF
beneran kue basah yg segertks kaaaasukses selalu,5,kualitas,POSITIF
enak,5,rasa,POSITIF
kulit choipannya banyak yg hancur karena dan lengket satu sama lain,2,kualitas,NEGATIF
enak rasa apa lagi sambelnya ngeklop bgt rasa tp mgkn pas ambil harus ati2 krn kulit tipis overall ok smua,5,rasa,POSITIF
choi pan langgan sudah beli ber kali2 muas enak puas ,5,rasa,POSITIF
mantabsudah langgan,5,kualitas,POSITIF
ehm choipan nya ya rasa choipan pada umum nyabiasa ajaterus dapat sambal nya sedikit padahal beli nya 40 biji,3,rasa,NETRAL
selalu enak,5,rasa,POSITIF
choipannya enak nyesel ordernyakurang banyak kirim juga cepat,5,rasa,POSITIF
enakkkk cpt kirim thx,5,rasa,POSITIF
kualitas cukup baik dengan harga jangkau,4,kualitas,POSITIF
recomended,5,pelayanan,POSITIF
tanpa hancurrmanntaabbb,5,kualitas,POSITIF
sebenernya paling takut kalo order makan apalagi dr luar kota karena alam bbrp kali pas sampe makan ancur atau lbh parah basi tapi ini enggak sama sekali packingnya juga bagus banget dan aman banget pasti bakal order sini lagi,5,kualitas,POSITIF
barang kondisi bagus rasa enak seller fast respon packing rapi dan aman rekomen,5,kualitas,POSITIF
barang kondisi bagus enak seller fast respon packing rapi dan aman rekomen,5,pelayanan,POSITIF
sdh kali beli sini ,5,pelayanan,POSITIF
good,5,rasa,POSITIF
ini enak banget,5,rasa,POSITIF
not really for me hehe buat aku sangat sangat manis tapi tekstur ok,3,rasa,NETRAL
gk pernah kecewa beli sini,5,pelayanan,POSITIF
admin ramah banget dan fast response browniesnya two thumbs up coklat asa banget dan gak manis,5,pelayanan,POSITIF
adminnya fast respon bgt ada yg ga ada lgsg konfirmasi ,5,pelayanan,POSITIF
enak2 semua manis pas utama yg varian greentea nya grenteacheese nya tebal dan coklat enak,5,rasa,POSITIF
enak banget cokelat nya leleh nagih sih ini bahayaa,5,rasa,POSITIF
ok,5,kualitas,POSITIF
enak banget dan kirim super cepat sudah 2x belanja di sini ,5,rasa,POSITIF
kirim cepat dan jual kooperatif,5,pengiriman,POSITIF
puasa bangettt buat ngasih hampers ke org lain cocok banget,5,pelayanan,POSITIF
nyata sampenya cepat sekaliiii padahal kata po  terimakasih banyaaak min,5,kualitas,POSITIF
rasa cokelat luar biasa sekali kalo ga inget berat badan bisa2 diabisin sendiri  untuk layan lebih dari ekspetasi pikir ga akan kirim hari ini nyata langsung kirim hari ini juga mantab,5,rasa,POSITIF
enak bangeeet coklat rasa bbget aku tdi mkan ditroh di kulkas dlu jdi enyoyy bakal repurchase si ini makasih seller,5,rasa,POSITIF
sumpah padahal tulis po tapi pas sen malemnya udah kirim dan pagi ini udah sampeeee layan juga ramah bangettt fix kalo beli hampers lagi bakal sini the best,5,pengiriman,POSITIF
layan cepat paket sampai ke tuju dgn aman mantaap sukses buat sellernya,5,pengiriman,POSITIF
mantab pas banget buat jadi hampers lebaran thank you,5,kualitas,POSITIF
proses cepat,5,pengiriman,POSITIF
seller ramah dan informatif sekali fast response jugapackaging sangat cantik karna untuk hampers lebaranproses pesan juga cepat h-1 pesan dan besok sudah antar sudah rapi dan cantik pacakgingnyasiap bagi hampersnyaoverall sangat puas,5,pelayanan,POSITIF
original exp masih jauh fresh makasih ya,5,kualitas,POSITIF
kirim tepat waktu,5,pengiriman,POSITIF
mantap,5,kualitas,POSITIF
respon bagus,5,pengiriman,POSITIF
responnya sm kirim cpt bangetkuenya jg enak,5,pengiriman,POSITIF
kue enaklembut dan gak terlalu manis,5,rasa,POSITIF
sen semalem bsk siang sampe,5,pengiriman,POSITIF
paket telah sampai packing oke kurir oke produk oke moga kue bolu talas berkah,5,pelayanan,POSITIF
kirim cepat dan layan ramah,5,pengiriman,POSITIF
mantap fast response jual dan kirim cepat rasa juga enak ,5,pelayanan,POSITIF
kirim cepat,5,pengiriman,POSITIF
mantapp lezat,5,rasa,POSITIF
wajib beli lagi ,5,rasa,POSITIF
kirim super cepet dan seller ramah beli beberapa kloter ,5,pengiriman,POSITIF
enak,5,rasa,POSITIF
respon cepatpesanan sesuai requestpengiriman pake sameday aman sekalithank you,5,pelayanan,POSITIF
beli berapa kali syukaa,5,rasa,POSITIF
nagih enak banget selalu,5,rasa,POSITIF
enaaakkkkk,5,rasa,POSITIF
good thx seller,5,pelayanan,POSITIF
ok rasa tdk kecewa,5,rasa,POSITIF
enak,5,rasa,POSITIF
rasa enak mantap ga usah jauh2 ke surabaya untuk beli ceapt banget sampai makasih yaaa,5,rasa,POSITIF
gak pernah nyesel beli sini kualitas kue jamin dan respin seller cepat,5,kualitas,POSITIF
pesan siang sore sudah sampai  adminnya ramah  sudah langgan di livana kalo ke surabaya selalu beli livana  ada outlet di jakarta lebih mudah buat beli  rasa sudah tidak perlu ragu lagi  semua enakk,5,pelayanan,POSITIF
enak dan nikmat kirim dan packaging bagus dan cepat,5,rasa,POSITIF
packingnya rapi bangetkeren dah pokok untuk kue enakg was2 kue penyok atau kenapa2di jamin sampe dengan selamat kuenyahappy shopping,5,pelayanan,POSITIF
kue nya istimevvah ,5,rasa,POSITIF
walaupun respon sedikit slow tapi sekali di notice proses cepet banget admin juga sangat bantu alhamdulillah sesuai estimasi waktu kalau rasa nggak usah bahas jelas daeebaakk juaraaa ,5,pelayanan,POSITIF
ahhh sukaaapackagingnya gemas kirim juga cepat gak malu2in kalau buat kirim2 hampers ,5,rasa,POSITIF
enak banget langs ludes ,5,rasa,POSITIF
super cepat kirim thanks,5,pengiriman,POSITIF
enakkkkk bgt,5,rasa,POSITIF
cepat respon dn oke bingit kue nya,5,pelayanan,POSITIF
kue yummy  layan sangat baiksuper cepat thank you ,5,rasa,POSITIF
enakkk langsung ludes padahal makan dua,5,rasa,POSITIF
enak bangeeet ongol-ongolnya kenyal pas,5,rasa,POSITIF
seller fast respon gemblong empuk dan enak ,5,pelayanan,POSITIF
overall enak gula kering dan tahan lama kering tp agak gosong jadi ada rasa paitnya ketan udah oke banget gacor,5,rasa,POSITIF
terima kasih selalu puas enak cepat dan aman,5,pelayanan,POSITIF
parah udah repeat order ke 2 dan sen lebih banyak nyata enak banget ini,5,rasa,POSITIF
terima kasih enak sekali semua suka ,5,rasa,POSITIF
enak banget banget lembut dan manis pas,5,rasa,POSITIF
enak dan bener kata jual baik atau paling enak kalo lsg makan hari itu,5,rasa,POSITIF
layan cepat mkn enak,5,pelayanan,POSITIF
ketan legit gula merah asa banget selalu jadi rebut keluarga l,5,rasa,POSITIF
browniesnya eunak gak terlalu manis packing rapi n ok,5,rasa,POSITIF
barang sesuai terima kasih,5,kualitas,POSITIF
kirim cepat emas aman dan exp cukup lama thx,5,pengiriman,POSITIF
endul,5,rasa,POSITIF
brownisnya enaaakkkk,5,rasa,POSITIF
kue enak dan delivery cepat,5,rasa,POSITIF
browniesnya sampai dengan selamat packingnya yang bungkus satu bikin lebih aman ya kalau rasa browniesnya prima rasa mah jelas enak lah ,5,pelayanan,POSITIF
ya primarasa seng ada lawan enak,5,rasa,POSITIF
barang di terima dengan kondisi agak sedikit hancur ujung seperti terguncang2 dalam kirim rasa browniesnya enak kirim cepat,4,kualitas,POSITIF
uenak,5,rasa,POSITIF
mantab,5,rasa,POSITIF
mantab,5,rasa,POSITIF
barang sesuai deskripsienakk dan lezatsemoga makin sukses dan untung y bos,5,kualitas,POSITIF
kemas rapi aman sampai tuju,5,pengiriman,POSITIF
expire nya terlalu pendek jangka waktu cuma 4 hari stlh brg ditrima,3,kualitas,NETRAL
tks tks tks,5,pelayanan,POSITIF
enakk,5,rasa,POSITIF
mantap,5,rasa,POSITIF
rasa enak harga murah,5,rasa,POSITIF
baik,5,pelayanan,POSITIF
sen isi 10 kirim isi 5 chat slowwwwww response wa pun sama,5,pelayanan,POSITIF
enak,5,rasa,POSITIF
bakpia bagus enakpengirimaan tepat waktu recommended seller,5,kualitas,POSITIF
mantap jogja bekas cpet bgt nyampenya exp msh 4hr lg lgsg msukin kulkas,5,pengiriman,POSITIF
kirim cepat packing aman sukses buat toko nya yaa,5,pengiriman,POSITIF
recommended sellertepat waktu kirim komunikatif seller dan packaging bagus,5,pelayanan,POSITIF
cepet bgt ngirimnyamantap,5,pengiriman,POSITIF
wueeenakkk tenannnnnuntuk kirim mulusss banget ga ada kendala ap2 seller langsung dm update foto baik produk maupun babang gojek kangen sama bandung order dr cabang aja ,5,rasa,POSITIF
bolen kemas dengan bubble wrap dan plastik selles komunikasi kirim pesan dengan baik expired date di 9 mei 2021,5,pelayanan,POSITIF
sdh tau bolen ini pasti enaaak mksh sdh cepat krmnya,5,rasa,POSITIF
enak bangetttttttt fresh,5,rasa,POSITIF
seller fast respons dan komunikatif sekali,5,pelayanan,POSITIF
yg 2 rasa habis gak apa2 yg coklat juga mantap,5,rasa,POSITIF
gerak cepat pesan ga sampe 30 menit sudah jemput kurir recommended services 5,5,pengiriman,POSITIF
kirim cepat sameday respon jual cepat dan rasa enak banget makasih kak,5,pengiriman,POSITIF
kirim cepat seller cepet tanggap barang kualitas oke banget kirim instan mantap,5,pengiriman,POSITIF
respond cepat beli dua hehe,5,pelayanan,POSITIF
mantap,5,kualitas,POSITIF
produk sesuai deskripsi tanggap dan kirim cepat sangat recommended,5,kualitas,POSITIF
enak,5,rasa,POSITIF
mantapp respon toko cepat expired nya jauh,5,rasa,POSITIF
expired masih bulan lgi,5,kualitas,POSITIF
mantap lembut  lumer di mulut,5,rasa,POSITIF
thank s pia legongnnya enak,5,rasa,POSITIF
kirim cepat padahal di peak seasonrasa moga enak kirim tuk hadiah,5,pengiriman,POSITIF
kue enak kirim cepat,5,rasa,POSITIF
packingan rapih kue enak,5,pelayanan,POSITIF
kirim nya cepat,5,pengiriman,POSITIF
lv is the best kue enak2 dan variasi trusted and recommended seller,5,rasa,POSITIF
respon baik packaging sangat rapi,5,pelayanan,POSITIF
enak lapis legit,4,rasa,POSITIF
enakkkkk,5,rasa,POSITIF
packing bagus  rasa enak,5,pelayanan,POSITIF
packingan aman,5,pelayanan,POSITIF
enak lembut,5,rasa,POSITIF
terluv gula dan kelapa enak banget ini kacau si enak bakal order lagi recommended banget,5,rasa,POSITIF
enak banget gemblong ketan lembut gula medok,5,rasa,POSITIF
gemblong enak recommended seller kirim sangat cepat,5,rasa,POSITIF
enak pake banget,5,rasa,POSITIF
enak bgt sih ini ketan jg empuk,5,rasa,POSITIF
good product good delivery,5,kualitas,POSITIF
endul bgt,5,rasa,POSITIF
enak,5,rasa,POSITIF
kulit choipannya banyak yg hancur karena dan lengket satu sama lain,2,kualitas,NEGATIF
enak rasa apa lagi sambelnya ngeklop bgt rasa tp mgkn pas ambil harus ati2 krn kulit tipis overall ok smua,5,rasa,POSITIF
choi pan langgan sudah beli ber kali2 muas enak puas ,5,rasa,POSITIF
mantabsudah langgan,5,rasa,POSITIF
ehm choipan nya ya rasa choipan pada umum nyabiasa ajaterus dapat sambal nya sedikit padahal beli nya 40 biji,3,rasa,NETRAL
selalu enak,5,rasa,POSITIF
choipannya enak nyesel ordernyakurang banyak kirim juga cepat,5,rasa,POSITIF
enakkkk cpt kirim thx,5,rasa,POSITIF
kualitas cukup baik dengan harga jangkau,4,kualitas,POSITIF
so delish,5,rasa,POSITIF
sukak,5,rasa,POSITIF
rasa n packing ok,3,rasa,NETRAL
seperti kemas kurang cocok utk kirim same day isi jadi ikut tertekan2,3,pengiriman,NETRAL
terlalu enak atas ekspektasi pasti beli lagi utama yang vanilla jadi rebut,5,rasa,POSITIF
soesnya enak dan bakal repeat order,5,rasa,POSITIF
hmmm awal pikir ini mirip2 beard papa eh nyata lebih ke kue sus jadul gitu ok sih not bad but not to my liking lebih suka yang light,4,rasa,POSITIF
tooopppp,5,rasa,POSITIF
rasa mantab,5,rasa,POSITIF
vanilla enak bagi kulitnyaoriginal enak dalem rum terasamatcha krim bagi dalam asa aroma jasmine greenteachoco agak eneg,5,rasa,POSITIF
min benyek kue nya tapi gpp lah untung rasa nya enak ,4,rasa,POSITIF
entah beli yg berapa kalisoalnya selalu sen sini kirim and packing nya bagus bangetyg sekarang kirim gosendselalu puas,5,rasa,POSITIF
rasa lumayan enak tp gak terlalu asa wismannya isi dikit,4,rasa,POSITIF
ok banyak isi cm mgkn krn pinggir dan tipis2 jd rasa krg moist lbh suka lapis sby nya,4,rasa,POSITIF
enak super rasa,5,rasa,POSITIF
cara layan bagus responsif dan cpt proses kirim jg bagus packingngya klo kualitas dan rasa krn ga tau lapis legit yg enak itu gmn jadi ya mnurut saya ini enak cuma emang agak overprice ya untuk pinggir dikit bgt mending sekali beli lapis monica di alfamart ,4,pelayanan,POSITIF
enak bgt dan lembutnext order lagi ,5,rasa,POSITIF
lumayankue nya pda nempelirisan nya tips bangat,5,rasa,POSITIF
responnya cepat,5,pelayanan,POSITIF
cake nya udah gosong paking ngasal,1,kualitas,NEGATIF
good,5,rasa,POSITIF
kirim cepat packing lumayan mungkin karena pinggir kuesedikit gosong rasa sedikit pahitsaya tidak temu beli 3 gratis1yg saya terima cuma 3tp overall good lah,4,pengiriman,POSITIF
sudah takdir beli kue zonk beli belum baca review kirim lama gambar dan produk yg kirim beda rasa kue minyak dan gak enak maafin ya tp saya hanya mau selamat org lain dari kecewa yg saya rasa,1,pelayanan,NEGATIF
he hee enak,5,rasa,POSITIF
enak cuma jgn harap seperti di gambar yg penuh ya he he he,5,kualitas,POSITIF
ada bau yg an h,3,kualitas,NETRAL
nggak enak parah sekalimau makan nya juga takutparaaahhhh,1,rasa,NEGATIF
ga sesuai dengan gambar soal rasa standar banget,1,kualitas,NEGATIF
enak dan kirim cepat  langsung habis ama anak2,5,rasa,POSITIF
rasa nya itu loh ngangeninmantab,5,rasa,POSITIF
enak sihh ini sblmnya aku udh sen yg mahal di tk sblh trus penasaran apa di tokped ada yg jual mooncake nyata kok ada yg hrgnya jangkau dan review bagus jd aku sengaja beli lg mau compare nyata rasa jg ga kalah lohkata seller bestsellernya varian pandan dan kc merah jd aku beli yg varian pandan kc merah kc item telur asin dan durian telur asin aku plg doyan yg kc item dan durian kulit jg lmyn tipis jd isi lbh asa kirim jg cpt aku sen malem bsk sore udh kirim jd neng deh nemu mooncake yg hrg jangkau kalo kpn2 ken bs beli lg sini nyoba yg varian lain,5,rasa,POSITIF
enak bgt,5,rasa,POSITIF
mooncake-nya enak nggak eneg seperti mooncake pada umum,5,rasa,POSITIF
agak hancur ya dtg nya cemet tp rasa ok bgt rwcomended seller,5,kualitas,POSITIF
kirim cepat dan kualitas produk memang muas ini pesan yang beberapa kali,5,pengiriman,POSITIF
enak bangeet puas sama layan terima kasih kuenyaa,5,rasa,POSITIF
enak ,5,rasa,POSITIF
ini mooncake enak parah sih dan good service bgt bungkus nya jg buat bener2 aman padahal kirim ke jawa barat recommended,5,rasa,POSITIF
enak banget,5,rasa,POSITIF
enak bingiiitsss,5,rasa,POSITIF
enak bgt rasa,5,rasa,POSITIF
enaakkk kirim cepet,5,rasa,POSITIF
pesan tiba cepatrasa enak kwalitas stabilmurah hati kasih sambelnya 2 plastik,5,pengiriman,POSITIF
udah ini enak titik no debat yang bengkoang ya,5,rasa,POSITIF
puasss sklenak coipannya sambelnya kasih banyakinisdh kali ke 3 pesan sm toko ini,5,rasa,POSITIF
enakk,5,rasa,POSITIF
maknyooossssse,5,rasa,POSITIF
mantap ini,5,rasa,POSITIF
